date,open,close,high,low,volume,成交额,振幅,涨跌幅,涨跌额,换手率,fetch_time
2020-01-02,1.061,1.049,1.067,1.045,13958114,1474289712.0,2.12,0.87,0.009,2.92,2026-02-11 15:12:19
2020-01-03,1.047,1.045,1.057,1.04,10606711,1111262352.0,1.62,-0.38,-0.004,2.22,2026-02-11 15:12:19
2020-01-06,1.037,1.045,1.068,1.032,13280328,1391825744.0,3.44,0.0,0.0,2.78,2026-02-11 15:12:19
2020-01-07,1.048,1.053,1.059,1.037,10994683,1151244032.0,2.11,0.77,0.008,2.3,2026-02-11 15:12:19
2020-01-08,1.043,1.021,1.043,1.017,18523878,1910873888.0,2.47,-3.04,-0.032,3.88,2026-02-11 15:12:19
2020-01-09,1.036,1.036,1.044,1.03,10712291,1110250800.0,1.37,1.47,0.015,2.24,2026-02-11 15:12:19
2020-01-10,1.052,1.038,1.055,1.03,11193465,1167206432.0,2.41,0.19,0.002,2.35,2026-02-11 15:12:19
2020-01-13,1.031,1.05,1.051,1.019,16270895,1681040000.0,3.08,1.16,0.012,3.41,2026-02-11 15:12:19
2020-01-14,1.051,1.036,1.054,1.035,11742464,1228355472.0,1.81,-1.33,-0.014,2.46,2026-02-11 15:12:19
2020-01-15,1.033,1.031,1.04,1.028,8506679,878638304.0,1.16,-0.48,-0.005,1.78,2026-02-11 15:12:19
2020-01-16,1.034,1.026,1.034,1.025,6717494,691366400.0,0.87,-0.48,-0.005,1.41,2026-02-11 15:12:19
2020-01-17,1.03,1.031,1.046,1.029,11804336,1223348992.0,1.66,0.49,0.005,2.47,2026-02-11 15:12:19
2020-01-20,1.031,1.046,1.048,1.026,10718493,1113824304.0,2.13,1.45,0.015,2.25,2026-02-11 15:12:19
2020-01-21,1.04,1.028,1.047,1.026,11157069,1155100128.0,2.01,-1.72,-0.018,2.34,2026-02-11 15:12:19
2020-01-22,1.02,1.035,1.042,1.003,15912163,1625051344.0,3.79,0.68,0.007,3.33,2026-02-11 15:12:19
2020-01-23,1.02,0.994,1.025,0.982,17670096,1776972272.0,4.15,-3.96,-0.041,3.7,2026-02-11 15:12:19
2020-02-03,0.895,0.895,0.899,0.895,8736520,782087952.0,0.4,-9.96,-0.099,1.83,2026-02-11 15:12:19
2020-02-04,0.875,0.892,0.899,0.871,27648578,2450376176.0,3.13,-0.34,-0.003,5.79,2026-02-11 15:12:19
2020-02-05,0.896,0.905,0.928,0.888,20839511,1887759216.0,4.48,1.46,0.013,4.37,2026-02-11 15:12:19
2020-02-06,0.902,0.928,0.935,0.895,19292036,1767315168.0,4.42,2.54,0.023,4.04,2026-02-11 15:12:19
2020-02-07,0.92,0.929,0.935,0.917,14539687,1346519488.0,1.94,0.11,0.001,3.05,2026-02-11 15:12:19
2020-02-10,0.922,0.938,0.945,0.921,13714758,1283555744.0,2.58,0.97,0.009,2.87,2026-02-11 15:12:19
2020-02-11,0.945,0.937,0.959,0.936,16405576,1550498944.0,2.45,-0.11,-0.001,3.44,2026-02-11 15:12:19
2020-02-12,0.933,0.953,0.957,0.933,13316513,1259504048.0,2.56,1.71,0.016,2.79,2026-02-11 15:12:19
2020-02-13,0.95,0.937,0.957,0.933,11028934,1039313776.0,2.52,-1.68,-0.016,2.31,2026-02-11 15:12:19
2020-02-14,0.934,0.954,0.965,0.933,17458277,1660758944.0,3.42,1.81,0.017,3.66,2026-02-11 15:12:19
2020-02-17,0.98,1.004,1.007,0.97,22568257,2224697184.0,3.88,5.24,0.05,4.73,2026-02-11 15:12:19
2020-02-18,1.003,0.997,1.007,0.988,13542579,1349768720.0,1.89,-0.7,-0.007,2.84,2026-02-11 15:12:19
2020-02-19,0.996,0.999,1.02,0.993,16117292,1625513600.0,2.71,0.2,0.002,3.38,2026-02-11 15:12:19
2020-02-20,1.0,1.068,1.069,1.0,26461990,2729011600.0,6.91,6.91,0.069,5.54,2026-02-11 15:12:19
2020-02-21,1.066,1.064,1.097,1.047,32657848,3493794528.0,4.68,-0.37,-0.004,6.84,2026-02-11 15:12:19
2020-02-24,1.058,1.065,1.079,1.047,21233273,2256141904.0,3.01,0.09,0.001,4.45,2026-02-11 15:12:19
2020-02-25,1.048,1.073,1.076,1.021,29595018,3113867280.0,5.16,0.75,0.008,6.2,2026-02-11 15:12:19
2020-02-26,1.051,1.053,1.084,1.045,22548927,2405857968.0,3.63,-1.86,-0.02,4.72,2026-02-11 15:12:19
2020-02-27,1.059,1.055,1.077,1.046,19641123,2083164800.0,2.94,0.19,0.002,4.11,2026-02-11 15:12:19
2020-02-28,1.025,0.987,1.032,0.982,27670602,2786168048.0,4.74,-6.45,-0.068,5.8,2026-02-11 15:12:19
2020-03-02,1.001,1.036,1.045,0.991,25145815,2567095424.0,5.47,4.96,0.049,5.27,2026-02-11 15:12:19
2020-03-03,1.055,1.046,1.073,1.033,21197921,2232646976.0,3.86,0.97,0.01,4.44,2026-02-11 15:12:19
2020-03-04,1.04,1.075,1.076,1.037,23285166,2461078048.0,3.73,2.77,0.029,4.88,2026-02-11 15:12:19
2020-03-05,1.091,1.108,1.124,1.066,33146839,3626344256.0,5.4,3.07,0.033,6.94,2026-02-11 15:12:19
2020-03-06,1.088,1.067,1.093,1.066,22442184,2418711728.0,2.44,-3.7,-0.041,4.7,2026-02-11 15:12:19
2020-03-09,1.044,1.034,1.058,1.022,24680080,2571034976.0,3.37,-3.09,-0.033,5.17,2026-02-11 15:12:19
2020-03-10,1.038,1.068,1.073,1.023,24477774,2572280688.0,4.84,3.29,0.034,5.13,2026-02-11 15:12:19
2020-03-11,1.063,1.037,1.066,1.036,14894746,1566761952.0,2.81,-2.9,-0.031,3.12,2026-02-11 15:12:19
2020-03-12,1.021,1.025,1.037,1.013,15688937,1607243616.0,2.31,-1.16,-0.012,3.29,2026-02-11 15:12:19
2020-03-13,0.978,1.016,1.03,0.971,24223275,2416869504.0,5.76,-0.88,-0.009,5.07,2026-02-11 15:12:19
2020-03-16,1.015,0.959,1.018,0.955,23329970,2307577248.0,6.2,-5.61,-0.057,4.89,2026-02-11 15:12:19
2020-03-17,0.976,0.961,0.985,0.937,16222771,1560814816.0,5.01,0.21,0.002,3.4,2026-02-11 15:12:19
2020-03-18,0.964,0.93,0.975,0.929,15802575,1511489072.0,4.79,-3.23,-0.031,3.31,2026-02-11 15:12:19
2020-03-19,0.932,0.942,0.953,0.913,23053059,2153130480.0,4.3,1.29,0.012,4.83,2026-02-11 15:12:19
2020-03-20,0.949,0.954,0.955,0.933,13285746,1256608160.0,2.34,1.27,0.012,2.78,2026-02-11 15:12:19
2020-03-23,0.922,0.912,0.937,0.911,13659181,1261825952.0,2.73,-4.4,-0.042,2.86,2026-02-11 15:12:19
2020-03-24,0.931,0.936,0.937,0.909,16823498,1555062080.0,3.07,2.63,0.024,3.52,2026-02-11 15:12:19
2020-03-25,0.957,0.951,0.96,0.941,19512517,1855620864.0,2.03,1.6,0.015,4.09,2026-02-11 15:12:19
2020-03-26,0.943,0.934,0.948,0.933,9534767,897295184.0,1.58,-1.79,-0.017,2.0,2026-02-11 15:12:19
2020-03-27,0.945,0.941,0.958,0.938,14141773,1339380288.0,2.14,0.75,0.007,2.96,2026-02-11 15:12:19
2020-03-30,0.925,0.932,0.936,0.92,8916279,826049488.0,1.7,-0.96,-0.009,1.87,2026-02-11 15:12:19
2020-03-31,0.94,0.927,0.941,0.926,8429180,787476128.0,1.61,-0.54,-0.005,1.77,2026-02-11 15:12:19
2020-04-01,0.922,0.922,0.94,0.921,9726397,904759856.0,2.05,-0.54,-0.005,2.04,2026-02-11 15:12:19
2020-04-02,0.919,0.94,0.941,0.918,9527609,885461888.0,2.49,1.95,0.018,2.0,2026-02-11 15:12:19
2020-04-03,0.934,0.926,0.936,0.923,6998720,650499616.0,1.38,-1.49,-0.014,1.47,2026-02-11 15:12:19
2020-04-07,0.942,0.948,0.951,0.936,16158445,1523455056.0,1.62,2.38,0.022,3.39,2026-02-11 15:12:19
2020-04-08,0.941,0.943,0.948,0.938,7195484,677583072.0,1.05,-0.53,-0.005,1.51,2026-02-11 15:12:19
2020-04-09,0.951,0.952,0.967,0.95,15438376,1478626000.0,1.8,0.95,0.009,3.23,2026-02-11 15:12:19
2020-04-10,0.954,0.939,0.956,0.937,9812494,927458064.0,2.0,-1.37,-0.013,2.06,2026-02-11 15:12:19
2020-04-13,0.931,0.929,0.934,0.924,9267862,861427952.0,1.06,-1.06,-0.01,1.94,2026-02-11 15:12:19
2020-04-14,0.935,0.954,0.965,0.931,15105856,1429156192.0,3.66,2.69,0.025,3.16,2026-02-11 15:12:19
2020-04-15,0.949,0.944,0.962,0.942,10635530,1011927056.0,2.1,-1.05,-0.01,2.23,2026-02-11 15:12:19
2020-04-16,0.938,0.952,0.963,0.937,12604091,1201238112.0,2.75,0.85,0.008,2.64,2026-02-11 15:12:19
2020-04-17,0.959,0.95,0.961,0.949,10198036,974978720.0,1.26,-0.21,-0.002,2.14,2026-02-11 15:12:19
2020-04-20,0.953,0.954,0.954,0.948,5883918,559693664.0,0.63,0.42,0.004,1.23,2026-02-11 15:12:19
2020-04-21,0.949,0.936,0.949,0.931,8511292,798056080.0,1.89,-1.89,-0.018,1.78,2026-02-11 15:12:19
2020-04-22,0.93,0.939,0.94,0.929,5966312,557488000.0,1.18,0.32,0.003,1.25,2026-02-11 15:12:19
2020-04-23,0.939,0.931,0.94,0.93,5736348,535741104.0,1.06,-0.85,-0.008,1.2,2026-02-11 15:12:19
2020-04-24,0.928,0.915,0.931,0.911,9105333,838012784.0,2.15,-1.72,-0.016,1.91,2026-02-11 15:12:19
2020-04-27,0.915,0.913,0.923,0.911,6796845,623913312.0,1.31,-0.22,-0.002,1.42,2026-02-11 15:12:19
2020-04-28,0.922,0.925,0.93,0.906,12115601,1117234176.0,2.63,1.31,0.012,2.54,2026-02-11 15:12:19
2020-04-29,0.918,0.926,0.931,0.917,7761104,718150784.0,1.51,0.11,0.001,1.63,2026-02-11 15:12:19
2020-04-30,0.931,0.947,0.949,0.931,14285284,1345201024.0,1.94,2.27,0.021,2.99,2026-02-11 15:12:19
2020-05-06,0.931,0.95,0.95,0.93,14610135,1370175584.0,2.11,0.32,0.003,3.06,2026-02-11 15:12:19
2020-05-07,0.947,0.943,0.955,0.941,10275331,973411536.0,1.47,-0.74,-0.007,2.15,2026-02-11 15:12:19
2020-05-08,0.95,0.961,0.97,0.945,20154570,1928812112.0,2.65,1.91,0.018,4.22,2026-02-11 15:12:19
2020-05-11,0.963,0.954,0.966,0.947,10581479,1013073936.0,1.98,-0.73,-0.007,2.22,2026-02-11 15:12:19
2020-05-12,0.957,0.951,0.959,0.943,7676644,729571904.0,1.68,-0.31,-0.003,1.61,2026-02-11 15:12:19
2020-05-13,0.945,0.951,0.954,0.943,7392404,701368992.0,1.16,0.0,0.0,1.55,2026-02-11 15:12:19
2020-05-14,0.946,0.938,0.947,0.937,8870320,835855536.0,1.05,-1.37,-0.013,1.86,2026-02-11 15:12:19
2020-05-15,0.944,0.94,0.947,0.939,7533183,710136144.0,0.85,0.21,0.002,1.58,2026-02-11 15:12:19
2020-05-18,0.939,0.936,0.944,0.932,7726868,725127584.0,1.28,-0.43,-0.004,1.62,2026-02-11 15:12:19
2020-05-19,0.945,0.941,0.946,0.938,8195095,771786624.0,0.85,0.53,0.005,1.72,2026-02-11 15:12:19
2020-05-20,0.939,0.934,0.943,0.933,10099804,946630512.0,1.06,-0.74,-0.007,2.12,2026-02-11 15:12:19
2020-05-21,0.936,0.926,0.938,0.925,8332340,776419904.0,1.39,-0.86,-0.008,1.75,2026-02-11 15:12:19
2020-05-22,0.925,0.905,0.926,0.903,14801611,1351169872.0,2.48,-2.27,-0.021,3.1,2026-02-11 15:12:19
2020-05-25,0.902,0.9,0.907,0.897,8497448,765743232.0,1.1,-0.55,-0.005,1.78,2026-02-11 15:12:19
2020-05-26,0.904,0.909,0.91,0.903,7684984,696974224.0,0.78,1.0,0.009,1.61,2026-02-11 15:12:19
2020-05-27,0.908,0.899,0.909,0.898,6155875,555789120.0,1.21,-1.1,-0.01,1.29,2026-02-11 15:12:19
2020-05-28,0.9,0.911,0.923,0.9,12410209,1131795296.0,2.56,1.33,0.012,2.6,2026-02-11 15:12:19
2020-05-29,0.905,0.907,0.91,0.904,5555455,503887872.0,0.66,-0.44,-0.004,1.16,2026-02-11 15:12:19
2020-06-01,0.93,0.946,0.95,0.924,22088647,2070539520.0,2.87,4.3,0.039,4.63,2026-02-11 15:12:19
2020-06-02,0.943,0.943,0.95,0.939,8615508,813101760.0,1.16,-0.32,-0.003,1.8,2026-02-11 15:12:19
2020-06-03,0.946,0.934,0.95,0.932,9849152,927883120.0,1.91,-0.95,-0.009,2.06,2026-02-11 15:12:19
2020-06-04,0.937,0.929,0.939,0.928,8272892,771419904.0,1.18,-0.54,-0.005,1.73,2026-02-11 15:12:19
2020-06-05,0.93,0.939,0.94,0.924,10775974,1004675952.0,1.72,1.08,0.01,2.26,2026-02-11 15:12:19
2020-06-08,0.943,0.934,0.943,0.933,7837437,735176272.0,1.06,-0.53,-0.005,1.64,2026-02-11 15:12:19
2020-06-09,0.935,0.943,0.951,0.934,11955064,1128223840.0,1.82,0.96,0.009,2.5,2026-02-11 15:12:19
2020-06-10,0.941,0.936,0.941,0.933,6859124,642376592.0,0.85,-0.74,-0.007,1.44,2026-02-11 15:12:19
2020-06-11,0.936,0.93,0.949,0.93,12832658,1203275360.0,2.03,-0.64,-0.006,2.69,2026-02-11 15:12:19
2020-06-12,0.916,0.929,0.933,0.914,9390773,868254592.0,2.04,-0.11,-0.001,1.97,2026-02-11 15:12:19
2020-06-15,0.93,0.927,0.948,0.926,12504344,1172653440.0,2.37,-0.22,-0.002,2.62,2026-02-11 15:12:19
2020-06-16,0.935,0.936,0.94,0.931,8132960,760507104.0,0.97,0.97,0.009,1.7,2026-02-11 15:12:19
2020-06-17,0.936,0.933,0.937,0.927,8449163,787087168.0,1.07,-0.32,-0.003,1.77,2026-02-11 15:12:19
2020-06-18,0.932,0.943,0.95,0.93,12345932,1163027664.0,2.14,1.07,0.01,2.59,2026-02-11 15:12:19
2020-06-19,0.943,0.975,0.985,0.941,27200164,2620407632.0,4.67,3.39,0.032,5.7,2026-02-11 15:12:19
2020-06-22,0.976,1.002,1.035,0.975,25607194,2579231472.0,6.15,2.77,0.027,5.36,2026-02-11 15:12:19
2020-06-23,0.997,1.01,1.012,0.99,16461251,1649072928.0,2.2,0.8,0.008,3.45,2026-02-11 15:12:19
2020-06-24,1.014,1.011,1.029,1.003,12806205,1297149744.0,2.57,0.1,0.001,2.68,2026-02-11 15:12:19
2020-06-29,0.998,0.979,1.002,0.974,21006622,2067763760.0,2.77,-3.17,-0.032,4.4,2026-02-11 15:12:19
2020-06-30,0.984,1.012,1.024,0.982,19088256,1910686976.0,4.29,3.37,0.033,4.0,2026-02-11 15:12:19
2020-07-01,1.01,1.031,1.032,1.005,19714597,2008427024.0,2.67,1.88,0.019,4.13,2026-02-11 15:12:19
2020-07-02,1.03,1.116,1.118,1.026,36006999,3872691360.0,8.92,8.24,0.085,7.54,2026-02-11 15:12:19
2020-07-03,1.128,1.228,1.228,1.115,47216886,5455384064.0,10.13,10.04,0.112,9.89,2026-02-11 15:12:19
2020-07-06,1.258,1.351,1.351,1.231,63949596,8251578112.0,9.77,10.02,0.123,13.4,2026-02-11 15:12:19
2020-07-07,1.355,1.28,1.357,1.251,63208438,8195282176.0,7.85,-5.26,-0.071,13.24,2026-02-11 15:12:19
2020-07-08,1.271,1.353,1.394,1.267,51868846,6865287424.0,9.92,5.7,0.073,10.87,2026-02-11 15:12:19
2020-07-09,1.339,1.36,1.395,1.319,44992220,6115415040.0,5.62,0.52,0.007,9.43,2026-02-11 15:12:19
2020-07-10,1.33,1.331,1.369,1.322,31991294,4299294720.0,3.46,-2.13,-0.029,6.7,2026-02-11 15:12:19
2020-07-13,1.315,1.351,1.386,1.306,39302409,5285610240.0,6.01,1.5,0.02,8.23,2026-02-11 15:12:19
2020-07-14,1.333,1.356,1.368,1.322,31217933,4196685488.0,3.4,0.37,0.005,6.54,2026-02-11 15:12:19
2020-07-15,1.371,1.315,1.384,1.31,26544905,3565836848.0,5.46,-3.02,-0.041,5.56,2026-02-11 15:12:19
2020-07-16,1.313,1.246,1.346,1.241,29684071,3858485872.0,7.98,-5.25,-0.069,6.22,2026-02-11 15:12:19
2020-07-17,1.258,1.207,1.268,1.188,33008469,4037401632.0,6.42,-3.13,-0.039,6.92,2026-02-11 15:12:19
2020-07-20,1.231,1.276,1.293,1.224,26747315,3357120400.0,5.72,5.72,0.069,5.6,2026-02-11 15:12:19
2020-07-21,1.275,1.254,1.281,1.243,16028757,2017432320.0,2.98,-1.72,-0.022,3.36,2026-02-11 15:12:19
2020-07-22,1.258,1.265,1.316,1.25,28567355,3670697664.0,5.26,0.88,0.011,5.98,2026-02-11 15:12:19
2020-07-23,1.244,1.27,1.278,1.23,26148329,3282170336.0,3.79,0.4,0.005,5.48,2026-02-11 15:12:19
2020-07-24,1.256,1.191,1.267,1.175,30518271,3707800304.0,7.24,-6.22,-0.079,6.39,2026-02-11 15:12:19
2020-07-27,1.193,1.188,1.201,1.163,17648608,2089739824.0,3.19,-0.25,-0.003,3.7,2026-02-11 15:12:19
2020-07-28,1.202,1.188,1.206,1.174,14584750,1732905536.0,2.69,0.0,0.0,3.06,2026-02-11 15:12:19
2020-07-29,1.183,1.236,1.242,1.179,29838752,3647846064.0,5.3,4.04,0.048,6.25,2026-02-11 15:12:19
2020-07-30,1.237,1.226,1.244,1.22,15183347,1868512944.0,1.94,-0.81,-0.01,3.18,2026-02-11 15:12:19
2020-07-31,1.223,1.245,1.268,1.222,22943738,2856561040.0,3.75,1.55,0.019,4.81,2026-02-11 15:12:19
2020-08-03,1.267,1.272,1.274,1.245,21565729,2718176208.0,2.33,2.17,0.027,4.52,2026-02-11 15:12:19
2020-08-04,1.272,1.264,1.29,1.258,18725471,2379678288.0,2.52,-0.63,-0.008,3.92,2026-02-11 15:12:19
2020-08-05,1.259,1.258,1.268,1.242,12969446,1626930864.0,2.06,-0.47,-0.006,2.72,2026-02-11 15:12:19
2020-08-06,1.259,1.302,1.318,1.235,26923163,3412767168.0,6.6,3.5,0.044,5.64,2026-02-11 15:12:19
2020-08-07,1.27,1.257,1.302,1.23,33179980,4190951744.0,5.53,-3.46,-0.045,6.95,2026-02-11 15:12:19
2020-08-10,1.242,1.271,1.299,1.237,31621227,4023647328.0,4.93,1.11,0.014,6.62,2026-02-11 15:12:19
2020-08-11,1.268,1.228,1.287,1.226,21240830,2680755440.0,4.8,-3.38,-0.043,4.45,2026-02-11 15:12:19
2020-08-12,1.221,1.221,1.236,1.197,19095276,2324228816.0,3.18,-0.57,-0.007,4.0,2026-02-11 15:12:19
2020-08-13,1.227,1.229,1.249,1.217,13474566,1659217600.0,2.62,0.66,0.008,2.82,2026-02-11 15:12:19
2020-08-14,1.221,1.249,1.25,1.218,15929532,1967844400.0,2.6,1.63,0.02,3.34,2026-02-11 15:12:19
2020-08-17,1.279,1.311,1.345,1.268,46357425,6021798656.0,6.16,4.96,0.062,9.71,2026-02-11 15:12:19
2020-08-18,1.302,1.301,1.32,1.291,18216233,2375620080.0,2.21,-0.76,-0.01,3.82,2026-02-11 15:12:19
2020-08-19,1.297,1.276,1.311,1.272,17256704,2233035504.0,3.0,-1.92,-0.025,3.62,2026-02-11 15:12:19
2020-08-20,1.265,1.253,1.272,1.25,12169112,1532331632.0,1.72,-1.8,-0.023,2.55,2026-02-11 15:12:19
2020-08-21,1.265,1.276,1.284,1.257,12535017,1590641696.0,2.15,1.84,0.023,2.63,2026-02-11 15:12:19
2020-08-24,1.28,1.267,1.286,1.264,11131508,1413882528.0,1.72,-0.71,-0.009,2.33,2026-02-11 15:12:19
2020-08-25,1.271,1.262,1.287,1.257,12748174,1621716544.0,2.37,-0.39,-0.005,2.67,2026-02-11 15:12:19
2020-08-26,1.257,1.23,1.265,1.227,18438699,2287919312.0,3.01,-2.54,-0.032,3.86,2026-02-11 15:12:19
2020-08-27,1.229,1.234,1.243,1.221,12326319,1517523504.0,1.79,0.33,0.004,2.58,2026-02-11 15:12:19
2020-08-28,1.231,1.269,1.273,1.228,19590369,2454933648.0,3.65,2.84,0.035,4.1,2026-02-11 15:12:19
2020-08-31,1.279,1.266,1.304,1.262,22052952,2841107392.0,3.31,-0.24,-0.003,4.62,2026-02-11 15:12:19
2020-09-01,1.258,1.272,1.273,1.253,9352116,1181153808.0,1.58,0.47,0.006,1.96,2026-02-11 15:12:19
2020-09-02,1.276,1.268,1.283,1.251,15449577,1959985456.0,2.52,-0.31,-0.004,3.24,2026-02-11 15:12:19
2020-09-03,1.266,1.258,1.288,1.255,12802004,1625445536.0,2.6,-0.79,-0.01,2.68,2026-02-11 15:12:19
2020-09-04,1.237,1.246,1.251,1.234,10804373,1344220320.0,1.35,-0.95,-0.012,2.26,2026-02-11 15:12:19
2020-09-07,1.244,1.208,1.248,1.205,14329386,1758041792.0,3.45,-3.05,-0.038,3.0,2026-02-11 15:12:19
2020-09-08,1.211,1.231,1.241,1.202,14914950,1821402176.0,3.23,1.9,0.023,3.12,2026-02-11 15:12:19
2020-09-09,1.215,1.206,1.224,1.2,12674660,1537395408.0,1.95,-2.03,-0.025,2.66,2026-02-11 15:12:19
2020-09-10,1.216,1.182,1.218,1.178,15843638,1902161664.0,3.32,-1.99,-0.024,3.32,2026-02-11 15:12:19
2020-09-11,1.176,1.181,1.186,1.166,10257538,1208021408.0,1.69,-0.08,-0.001,2.15,2026-02-11 15:12:19
2020-09-14,1.188,1.182,1.19,1.174,8052123,951598944.0,1.35,0.08,0.001,1.69,2026-02-11 15:12:19
2020-09-15,1.181,1.186,1.19,1.177,7323311,866977664.0,1.1,0.34,0.004,1.53,2026-02-11 15:12:19
2020-09-16,1.186,1.181,1.198,1.176,9545844,1134147472.0,1.85,-0.42,-0.005,2.0,2026-02-11 15:12:19
2020-09-17,1.179,1.17,1.185,1.16,10277044,1203667152.0,2.12,-0.93,-0.011,2.15,2026-02-11 15:12:19
2020-09-18,1.169,1.234,1.238,1.167,24713593,2978255152.0,6.07,5.47,0.064,5.18,2026-02-11 15:12:19
2020-09-21,1.264,1.225,1.27,1.225,21602257,2687063424.0,3.65,-0.73,-0.009,4.53,2026-02-11 15:12:19
2020-09-22,1.211,1.23,1.266,1.21,20583754,2546657936.0,4.57,0.41,0.005,4.31,2026-02-11 15:12:19
2020-09-23,1.228,1.218,1.235,1.216,9948050,1216067408.0,1.54,-0.98,-0.012,2.08,2026-02-11 15:12:19
2020-09-24,1.21,1.204,1.227,1.203,10932716,1325209472.0,1.97,-1.15,-0.014,2.29,2026-02-11 15:12:19
2020-09-25,1.207,1.223,1.232,1.203,16781493,2046925520.0,2.41,1.58,0.019,3.52,2026-02-11 15:12:19
2020-09-28,1.216,1.221,1.229,1.214,11432908,1397391328.0,1.23,-0.16,-0.002,2.4,2026-02-11 15:12:19
2020-09-29,1.226,1.225,1.236,1.223,11348735,1394310576.0,1.06,0.33,0.004,2.38,2026-02-11 15:12:19
2020-09-30,1.227,1.208,1.229,1.2,11302228,1373201392.0,2.37,-1.39,-0.017,2.37,2026-02-11 15:12:19
2020-10-09,1.228,1.228,1.231,1.22,10286900,1260997552.0,0.91,1.66,0.02,2.16,2026-02-11 15:12:19
2020-10-12,1.237,1.277,1.279,1.235,23208032,2931925808.0,3.58,3.99,0.049,4.86,2026-02-11 15:12:19
2020-10-13,1.26,1.258,1.261,1.247,20740176,2602227488.0,1.1,-1.49,-0.019,4.35,2026-02-11 15:12:19
2020-10-14,1.256,1.243,1.257,1.238,14125816,1759083264.0,1.51,-1.19,-0.015,2.96,2026-02-11 15:12:19
2020-10-15,1.245,1.24,1.262,1.24,11566934,1444906608.0,1.77,-0.24,-0.003,2.42,2026-02-11 15:12:19
2020-10-16,1.244,1.247,1.252,1.239,11171031,1391261984.0,1.05,0.56,0.007,2.34,2026-02-11 15:12:19
2020-10-19,1.257,1.232,1.266,1.231,16219083,2024964112.0,2.81,-1.2,-0.015,3.4,2026-02-11 15:12:19
2020-10-20,1.228,1.234,1.235,1.216,10056701,1233010528.0,1.54,0.16,0.002,2.11,2026-02-11 15:12:19
2020-10-21,1.233,1.226,1.236,1.22,9685575,1187702096.0,1.3,-0.65,-0.008,2.03,2026-02-11 15:12:19
2020-10-22,1.222,1.235,1.246,1.219,11719510,1441887184.0,2.2,0.73,0.009,2.46,2026-02-11 15:12:19
2020-10-23,1.233,1.215,1.242,1.214,12878476,1585309232.0,2.27,-1.62,-0.02,2.7,2026-02-11 15:12:19
2020-10-26,1.208,1.177,1.208,1.168,18889458,2231791760.0,3.29,-3.13,-0.038,3.96,2026-02-11 15:12:19
2020-10-27,1.172,1.174,1.177,1.164,10250112,1200711424.0,1.1,-0.25,-0.003,2.15,2026-02-11 15:12:19
2020-10-28,1.172,1.181,1.185,1.166,10209866,1201213216.0,1.62,0.6,0.007,2.14,2026-02-11 15:12:19
2020-10-29,1.168,1.191,1.201,1.166,16563943,1960638336.0,2.96,0.85,0.01,3.47,2026-02-11 15:12:19
2020-10-30,1.184,1.149,1.194,1.148,15851296,1854581872.0,3.86,-3.53,-0.042,3.32,2026-02-11 15:12:19
2020-11-02,1.15,1.146,1.174,1.13,15808242,1820588528.0,3.83,-0.26,-0.003,3.31,2026-02-11 15:12:19
2020-11-03,1.149,1.174,1.187,1.147,16866563,1973669856.0,3.49,2.44,0.028,3.53,2026-02-11 15:12:19
2020-11-04,1.173,1.168,1.178,1.157,10840074,1265763536.0,1.79,-0.51,-0.006,2.27,2026-02-11 15:12:19
2020-11-05,1.186,1.186,1.196,1.176,16498370,1955591168.0,1.71,1.54,0.018,3.46,2026-02-11 15:12:19
2020-11-06,1.187,1.19,1.203,1.18,16378322,1950758752.0,1.94,0.34,0.004,3.43,2026-02-11 15:12:19
2020-11-09,1.199,1.236,1.252,1.194,30631377,3756280400.0,4.87,3.87,0.046,6.42,2026-02-11 15:12:19
2020-11-10,1.238,1.216,1.24,1.211,15849160,1942670352.0,2.35,-1.62,-0.02,3.32,2026-02-11 15:12:19
2020-11-11,1.214,1.19,1.217,1.189,12155857,1457998576.0,2.3,-2.14,-0.026,2.55,2026-02-11 15:12:19
2020-11-12,1.19,1.184,1.199,1.182,8898374,1056291040.0,1.43,-0.5,-0.006,1.86,2026-02-11 15:12:19
2020-11-13,1.18,1.172,1.18,1.163,14174351,1658362224.0,1.44,-1.01,-0.012,2.97,2026-02-11 15:12:19
2020-11-16,1.178,1.179,1.183,1.166,10582500,1244367888.0,1.45,0.6,0.007,2.22,2026-02-11 15:12:19
2020-11-17,1.177,1.181,1.181,1.163,11046434,1294234960.0,1.53,0.17,0.002,2.31,2026-02-11 15:12:19
2020-11-18,1.182,1.187,1.201,1.18,15973161,1903054400.0,1.78,0.51,0.006,3.35,2026-02-11 15:12:19
2020-11-19,1.177,1.188,1.193,1.161,15829458,1863065744.0,2.7,0.08,0.001,3.32,2026-02-11 15:12:19
2020-11-20,1.184,1.189,1.193,1.182,12496148,1484247808.0,0.93,0.08,0.001,2.62,2026-02-11 15:12:19
2020-11-23,1.185,1.212,1.232,1.178,31797595,3842872320.0,4.54,1.93,0.023,6.66,2026-02-11 15:12:19
2020-11-24,1.206,1.202,1.217,1.198,14980331,1808296336.0,1.57,-0.83,-0.01,3.14,2026-02-11 15:12:19
2020-11-25,1.211,1.183,1.218,1.181,17019482,2042975072.0,3.08,-1.58,-0.019,3.57,2026-02-11 15:12:19
2020-11-26,1.18,1.188,1.194,1.176,11755639,1391872064.0,1.52,0.42,0.005,2.46,2026-02-11 15:12:19
2020-11-27,1.189,1.214,1.216,1.186,19030542,2283288208.0,2.53,2.19,0.026,3.99,2026-02-11 15:12:19
2020-11-30,1.223,1.222,1.267,1.218,39046704,4859629824.0,4.04,0.66,0.008,8.18,2026-02-11 15:12:19
2020-12-01,1.218,1.268,1.277,1.213,32103869,4000212512.0,5.24,3.76,0.046,6.73,2026-02-11 15:12:19
2020-12-02,1.265,1.265,1.288,1.255,24749750,3137928240.0,2.6,-0.24,-0.003,5.19,2026-02-11 15:12:19
2020-12-03,1.26,1.267,1.279,1.253,17307855,2190507056.0,2.06,0.16,0.002,3.63,2026-02-11 15:12:19
2020-12-04,1.26,1.248,1.26,1.237,18479159,2301647632.0,1.82,-1.5,-0.019,3.87,2026-02-11 15:12:19
2020-12-07,1.247,1.223,1.248,1.223,15286993,1885709120.0,2.0,-2.0,-0.025,3.2,2026-02-11 15:12:19
2020-12-08,1.224,1.226,1.237,1.221,12957675,1592058576.0,1.31,0.25,0.003,2.71,2026-02-11 15:12:19
2020-12-09,1.228,1.187,1.234,1.182,22784422,2757443200.0,4.24,-3.18,-0.039,4.77,2026-02-11 15:12:19
2020-12-10,1.181,1.181,1.19,1.171,17071530,2017179120.0,1.6,-0.51,-0.006,3.58,2026-02-11 15:12:19
2020-12-11,1.181,1.167,1.183,1.155,20670662,2415174704.0,2.37,-1.19,-0.014,4.33,2026-02-11 15:12:19
2020-12-14,1.168,1.166,1.17,1.156,13201397,1535467600.0,1.2,-0.09,-0.001,2.77,2026-02-11 15:12:19
2020-12-15,1.163,1.169,1.173,1.156,12604106,1466245568.0,1.46,0.26,0.003,2.64,2026-02-11 15:12:19
2020-12-16,1.17,1.156,1.171,1.155,12611485,1465754432.0,1.37,-1.11,-0.013,2.64,2026-02-11 15:12:19
2020-12-17,1.155,1.187,1.19,1.148,27232276,3188213520.0,3.63,2.68,0.031,5.71,2026-02-11 15:12:19
2020-12-18,1.18,1.173,1.187,1.169,13160384,1548762560.0,1.52,-1.18,-0.014,2.76,2026-02-11 15:12:19
2020-12-21,1.173,1.185,1.189,1.163,17211889,2027072464.0,2.22,1.02,0.012,3.61,2026-02-11 15:12:19
2020-12-22,1.178,1.135,1.181,1.133,26485044,3063397424.0,4.05,-4.22,-0.05,5.55,2026-02-11 15:12:19
2020-12-23,1.138,1.144,1.152,1.131,19286828,2200577872.0,1.85,0.79,0.009,4.04,2026-02-11 15:12:19
2020-12-24,1.142,1.133,1.154,1.13,15488587,1764043040.0,2.1,-0.96,-0.011,3.24,2026-02-11 15:12:19
2020-12-25,1.13,1.147,1.154,1.123,21129462,2411150144.0,2.74,1.24,0.014,4.43,2026-02-11 15:12:19
2020-12-28,1.143,1.141,1.16,1.137,17701205,2028391632.0,2.01,-0.52,-0.006,3.71,2026-02-11 15:12:19
2020-12-29,1.145,1.147,1.168,1.143,20345983,2349104688.0,2.19,0.53,0.006,4.26,2026-02-11 15:12:19
2020-12-30,1.142,1.169,1.17,1.14,22084616,2555877584.0,2.62,1.92,0.022,4.63,2026-02-11 15:12:19
2020-12-31,1.18,1.222,1.232,1.18,46967846,5690329344.0,4.45,4.53,0.053,9.84,2026-02-11 15:12:19
2021-01-04,1.235,1.232,1.244,1.206,30813423,3778916848.0,3.11,0.82,0.01,6.46,2026-02-11 15:12:19
2021-01-05,1.221,1.229,1.242,1.207,27254156,3338472736.0,2.84,-0.24,-0.003,5.71,2026-02-11 15:12:19
2021-01-06,1.23,1.229,1.253,1.215,24233546,2985447344.0,3.09,0.0,0.0,5.08,2026-02-11 15:12:19
2021-01-07,1.232,1.241,1.242,1.205,28317251,3475369376.0,3.01,0.98,0.012,5.93,2026-02-11 15:12:19
2021-01-08,1.241,1.231,1.25,1.227,24784868,3061578848.0,1.85,-0.81,-0.01,5.19,2026-02-11 15:12:19
2021-01-11,1.237,1.202,1.243,1.201,26769474,3271542464.0,3.41,-2.36,-0.029,5.61,2026-02-11 15:12:19
2021-01-12,1.197,1.286,1.293,1.19,54167731,6735155456.0,8.57,6.99,0.084,11.35,2026-02-11 15:12:19
2021-01-13,1.28,1.253,1.29,1.245,30911784,3918412768.0,3.5,-2.57,-0.033,6.48,2026-02-11 15:12:19
2021-01-14,1.246,1.222,1.249,1.221,25757060,3174153952.0,2.23,-2.47,-0.031,5.4,2026-02-11 15:12:19
2021-01-15,1.22,1.221,1.244,1.211,21794182,2672655808.0,2.7,-0.08,-0.001,4.57,2026-02-11 15:12:19
2021-01-18,1.214,1.233,1.251,1.211,23784998,2935220800.0,3.28,0.98,0.012,4.98,2026-02-11 15:12:19
2021-01-19,1.23,1.231,1.255,1.223,22290121,2756421040.0,2.6,-0.16,-0.002,4.67,2026-02-11 15:12:19
2021-01-20,1.233,1.231,1.25,1.227,19425814,2402153360.0,1.87,0.0,0.0,4.07,2026-02-11 15:12:19
2021-01-21,1.236,1.251,1.273,1.23,30879310,3861601696.0,3.49,1.62,0.02,6.47,2026-02-11 15:12:19
2021-01-22,1.245,1.224,1.248,1.219,27529552,3385143888.0,2.32,-2.16,-0.027,5.77,2026-02-11 15:12:19
2021-01-25,1.225,1.215,1.236,1.211,24932637,3045305536.0,2.04,-0.74,-0.009,5.22,2026-02-11 15:12:19
2021-01-26,1.208,1.171,1.216,1.17,27308563,3250342656.0,3.79,-3.62,-0.044,5.72,2026-02-11 15:12:19
2021-01-27,1.172,1.174,1.184,1.169,14899578,1752824784.0,1.28,0.26,0.003,3.12,2026-02-11 15:12:19
2021-01-28,1.163,1.168,1.18,1.158,19770960,2305440224.0,1.87,-0.51,-0.006,4.14,2026-02-11 15:12:19
2021-01-29,1.174,1.156,1.177,1.138,19249303,2228624800.0,3.34,-1.03,-0.012,4.03,2026-02-11 15:12:19
2021-02-01,1.162,1.151,1.167,1.148,14843502,1715843216.0,1.64,-0.43,-0.005,3.11,2026-02-11 15:12:19
2021-02-02,1.152,1.153,1.154,1.138,22057880,2527778720.0,1.39,0.17,0.002,4.62,2026-02-11 15:12:19
2021-02-03,1.15,1.137,1.154,1.136,18473391,2114109360.0,1.56,-1.39,-0.016,3.87,2026-02-11 15:12:19
2021-02-04,1.132,1.109,1.132,1.097,28266060,3150276576.0,3.08,-2.46,-0.028,5.92,2026-02-11 15:12:19
2021-02-05,1.112,1.101,1.124,1.099,18806704,2091163360.0,2.25,-0.72,-0.008,3.94,2026-02-11 15:12:19
2021-02-08,1.104,1.102,1.113,1.087,19170886,2110497808.0,2.36,0.09,0.001,4.02,2026-02-11 15:12:19
2021-02-09,1.103,1.134,1.137,1.091,30812143,3448025504.0,4.17,2.9,0.032,6.46,2026-02-11 15:12:19
2021-02-10,1.13,1.133,1.139,1.123,17866415,2019944480.0,1.41,-0.09,-0.001,3.74,2026-02-11 15:12:19
2021-02-18,1.153,1.139,1.159,1.138,21969567,2521484048.0,1.85,0.53,0.006,4.6,2026-02-11 15:12:19
2021-02-19,1.134,1.162,1.163,1.131,18204504,2086356240.0,2.81,2.02,0.023,3.81,2026-02-11 15:12:19
2021-02-22,1.163,1.127,1.17,1.126,25529756,2939421136.0,3.79,-3.01,-0.035,5.35,2026-02-11 15:12:19
2021-02-23,1.123,1.123,1.14,1.116,16065625,1812369120.0,2.13,-0.35,-0.004,3.37,2026-02-11 15:12:19
2021-02-24,1.123,1.115,1.133,1.106,18012543,2018709152.0,2.4,-0.71,-0.008,3.77,2026-02-11 15:12:19
2021-02-25,1.12,1.116,1.132,1.11,18754860,2104365216.0,1.97,0.09,0.001,3.93,2026-02-11 15:12:19
2021-02-26,1.1,1.098,1.109,1.092,18273371,2012423008.0,1.52,-1.61,-0.018,3.83,2026-02-11 15:12:19
2021-03-01,1.099,1.09,1.1,1.081,19001066,2064865504.0,1.73,-0.73,-0.008,3.98,2026-02-11 15:12:19
2021-03-02,1.091,1.077,1.096,1.073,16652324,1803906208.0,2.11,-1.19,-0.013,3.49,2026-02-11 15:12:19
2021-03-03,1.075,1.097,1.097,1.073,20089296,2185597584.0,2.23,1.86,0.02,4.21,2026-02-11 15:12:19
2021-03-04,1.088,1.071,1.091,1.069,18321505,1975135520.0,2.01,-2.37,-0.026,3.84,2026-02-11 15:12:19
2021-03-05,1.063,1.093,1.102,1.062,25845916,2813655136.0,3.73,2.05,0.022,5.41,2026-02-11 15:12:19
2021-03-08,1.1,1.073,1.108,1.072,18359502,2004935968.0,3.29,-1.83,-0.02,3.85,2026-02-11 15:12:19
2021-03-09,1.073,1.045,1.077,1.037,18264020,1930858112.0,3.73,-2.61,-0.028,3.83,2026-02-11 15:12:19
2021-03-10,1.055,1.039,1.056,1.038,11714128,1224092464.0,1.72,-0.57,-0.006,2.45,2026-02-11 15:12:19
2021-03-11,1.04,1.056,1.057,1.039,14262600,1497464512.0,1.73,1.64,0.017,2.99,2026-02-11 15:12:19
2021-03-12,1.054,1.056,1.068,1.038,19810066,2084501936.0,2.84,0.0,0.0,4.15,2026-02-11 15:12:19
2021-03-15,1.046,1.032,1.046,1.029,14424729,1495015488.0,1.61,-2.27,-0.024,3.02,2026-02-11 15:12:19
2021-03-16,1.034,1.037,1.039,1.027,10628907,1099562960.0,1.16,0.48,0.005,2.23,2026-02-11 15:12:19
2021-03-17,1.034,1.039,1.045,1.032,11303614,1173982336.0,1.25,0.19,0.002,2.37,2026-02-11 15:12:19
2021-03-18,1.041,1.041,1.051,1.038,10480129,1094127072.0,1.25,0.19,0.002,2.2,2026-02-11 15:12:19
2021-03-19,1.031,1.03,1.035,1.026,11336041,1168192240.0,0.86,-1.06,-0.011,2.37,2026-02-11 15:12:19
2021-03-22,1.034,1.049,1.057,1.032,14595787,1524607600.0,2.43,1.84,0.019,3.06,2026-02-11 15:12:19
2021-03-23,1.046,1.054,1.064,1.039,16160984,1698546288.0,2.38,0.48,0.005,3.39,2026-02-11 15:12:19
2021-03-24,1.049,1.06,1.085,1.047,21360404,2280818400.0,3.61,0.57,0.006,4.47,2026-02-11 15:12:19
2021-03-25,1.052,1.051,1.064,1.05,9312425,982796832.0,1.32,-0.85,-0.009,1.95,2026-02-11 15:12:19
2021-03-26,1.052,1.057,1.061,1.048,11005424,1161811248.0,1.24,0.57,0.006,2.31,2026-02-11 15:12:19
2021-03-29,1.056,1.056,1.067,1.052,10259058,1085407264.0,1.42,-0.09,-0.001,2.15,2026-02-11 15:12:19
2021-03-30,1.053,1.052,1.058,1.05,9305687,980287328.0,0.76,-0.38,-0.004,1.95,2026-02-11 15:12:19
2021-03-31,1.051,1.037,1.052,1.036,10245168,1066227104.0,1.52,-1.43,-0.015,2.15,2026-02-11 15:12:19
2021-04-01,1.039,1.045,1.046,1.034,15571346,1619624528.0,1.16,0.77,0.008,3.26,2026-02-11 15:12:19
2021-04-02,1.047,1.048,1.054,1.043,11410393,1195138784.0,1.05,0.29,0.003,2.39,2026-02-11 15:12:19
2021-04-06,1.054,1.046,1.056,1.046,9760615,1024950176.0,0.95,-0.19,-0.002,2.04,2026-02-11 15:12:19
2021-04-07,1.045,1.043,1.049,1.038,10074695,1050253056.0,1.05,-0.29,-0.003,2.11,2026-02-11 15:12:19
2021-04-08,1.04,1.048,1.059,1.038,18685366,1962728048.0,2.01,0.48,0.005,3.91,2026-02-11 15:12:19
2021-04-09,1.044,1.036,1.047,1.035,9272999,964138240.0,1.15,-1.15,-0.012,1.94,2026-02-11 15:12:19
2021-04-12,1.034,1.015,1.037,1.014,12293342,1263212816.0,2.22,-2.03,-0.021,2.58,2026-02-11 15:12:19
2021-04-13,1.013,1.013,1.018,1.007,10763664,1090380160.0,1.08,-0.2,-0.002,2.25,2026-02-11 15:12:19
2021-04-14,1.013,1.025,1.028,1.012,10703827,1093744736.0,1.58,1.18,0.012,2.24,2026-02-11 15:12:19
2021-04-15,1.021,1.015,1.021,1.012,7933031,805364352.0,0.88,-0.98,-0.01,1.66,2026-02-11 15:12:19
2021-04-16,1.017,1.022,1.027,1.014,8895446,907821168.0,1.28,0.69,0.007,1.86,2026-02-11 15:12:19
2021-04-19,1.019,1.049,1.052,1.017,17879445,1855350944.0,3.42,2.64,0.027,3.75,2026-02-11 15:12:19
2021-04-20,1.045,1.039,1.055,1.038,9111145,952557088.0,1.62,-0.95,-0.01,1.91,2026-02-11 15:12:19
2021-04-21,1.035,1.037,1.044,1.033,6589651,683667776.0,1.06,-0.19,-0.002,1.38,2026-02-11 15:12:19
2021-04-22,1.042,1.04,1.05,1.038,9077050,946779152.0,1.16,0.29,0.003,1.9,2026-02-11 15:12:19
2021-04-23,1.036,1.038,1.045,1.035,7975598,828563456.0,0.96,-0.19,-0.002,1.67,2026-02-11 15:12:19
2021-04-26,1.04,1.02,1.051,1.02,12908622,1338399968.0,2.99,-1.73,-0.018,2.7,2026-02-11 15:12:19
2021-04-27,1.017,1.014,1.023,1.005,15039692,1522137424.0,1.76,-0.59,-0.006,3.15,2026-02-11 15:12:19
2021-04-28,1.011,1.017,1.022,1.01,8751890,889584400.0,1.18,0.3,0.003,1.83,2026-02-11 15:12:19
2021-04-29,1.018,1.042,1.05,1.017,22024814,2287667616.0,3.24,2.46,0.025,4.61,2026-02-11 15:12:19
2021-04-30,1.038,1.031,1.044,1.027,13436280,1390274848.0,1.63,-1.06,-0.011,2.81,2026-02-11 15:12:19
2021-05-06,1.04,1.022,1.045,1.021,10158532,1047481680.0,2.33,-0.87,-0.009,2.13,2026-02-11 15:12:19
2021-05-07,1.021,1.007,1.023,1.005,14566130,1474271648.0,1.76,-1.47,-0.015,3.05,2026-02-11 15:12:19
2021-05-10,1.007,0.998,1.007,0.992,13569290,1353454704.0,1.49,-0.89,-0.009,2.84,2026-02-11 15:12:19
2021-05-11,0.993,1.013,1.019,0.99,14795399,1485504608.0,2.91,1.5,0.015,3.1,2026-02-11 15:12:19
2021-05-12,1.008,1.01,1.013,1.003,8691814,876127856.0,0.99,-0.3,-0.003,1.82,2026-02-11 15:12:19
2021-05-13,1.004,1.006,1.014,1.002,7787472,785282336.0,1.19,-0.4,-0.004,1.63,2026-02-11 15:12:19
2021-05-14,1.01,1.081,1.087,1.01,45675323,4804391424.0,7.65,7.46,0.075,9.57,2026-02-11 15:12:19
2021-05-17,1.063,1.066,1.076,1.056,21136727,2252407744.0,1.85,-1.39,-0.015,4.43,2026-02-11 15:12:19
2021-05-18,1.061,1.065,1.083,1.059,15146819,1619904640.0,2.25,-0.09,-0.001,3.17,2026-02-11 15:12:19
2021-05-19,1.06,1.064,1.079,1.06,12710525,1357576848.0,1.78,-0.09,-0.001,2.66,2026-02-11 15:12:19
2021-05-20,1.063,1.079,1.092,1.063,18758452,2020517120.0,2.73,1.41,0.015,3.93,2026-02-11 15:12:19
2021-05-21,1.079,1.06,1.081,1.058,14421429,1538183312.0,2.13,-1.76,-0.019,3.02,2026-02-11 15:12:19
2021-05-24,1.066,1.08,1.092,1.066,19661757,2126126464.0,2.45,1.89,0.02,4.12,2026-02-11 15:12:19
2021-05-25,1.078,1.127,1.133,1.076,36169676,4040635600.0,5.28,4.35,0.047,7.58,2026-02-11 15:12:19
2021-05-26,1.133,1.124,1.148,1.122,24522202,2787495920.0,2.31,-0.27,-0.003,5.14,2026-02-11 15:12:19
2021-05-27,1.12,1.125,1.138,1.117,14255286,1602782976.0,1.87,0.09,0.001,2.99,2026-02-11 15:12:19
2021-05-28,1.125,1.142,1.162,1.121,21674603,2469905280.0,3.64,1.51,0.017,4.54,2026-02-11 15:12:19
2021-05-31,1.142,1.144,1.147,1.131,12740049,1449849552.0,1.4,0.18,0.002,2.67,2026-02-11 15:12:19
2021-06-01,1.138,1.129,1.138,1.116,15684118,1763974224.0,1.92,-1.31,-0.015,3.29,2026-02-11 15:12:19
2021-06-02,1.126,1.105,1.134,1.103,16216251,1808567184.0,2.75,-2.13,-0.024,3.4,2026-02-11 15:12:19
2021-06-03,1.106,1.105,1.124,1.102,13097272,1458951840.0,1.99,0.0,0.0,2.74,2026-02-11 15:12:19
2021-06-04,1.099,1.111,1.146,1.097,19310003,2155242944.0,4.43,0.54,0.006,4.05,2026-02-11 15:12:19
2021-06-07,1.111,1.12,1.132,1.107,12593540,1409807504.0,2.25,0.81,0.009,2.64,2026-02-11 15:12:19
2021-06-08,1.116,1.122,1.136,1.114,13339815,1500778880.0,1.96,0.18,0.002,2.79,2026-02-11 15:12:19
2021-06-09,1.122,1.109,1.126,1.105,11332908,1260505616.0,1.87,-1.16,-0.013,2.37,2026-02-11 15:12:19
2021-06-10,1.109,1.113,1.129,1.107,12199298,1363471552.0,1.98,0.36,0.004,2.56,2026-02-11 15:12:19
2021-06-11,1.116,1.093,1.119,1.092,14089430,1558165472.0,2.43,-1.8,-0.02,2.95,2026-02-11 15:12:19
2021-06-15,1.094,1.078,1.095,1.077,11443729,1239179504.0,1.65,-1.37,-0.015,2.4,2026-02-11 15:12:19
2021-06-16,1.076,1.07,1.084,1.064,12650845,1356353728.0,1.86,-0.74,-0.008,2.65,2026-02-11 15:12:19
2021-06-17,1.071,1.074,1.08,1.068,11646252,1250603872.0,1.12,0.37,0.004,2.44,2026-02-11 15:12:19
2021-06-18,1.073,1.085,1.09,1.07,12989211,1404546976.0,1.86,1.02,0.011,2.72,2026-02-11 15:12:19
2021-06-21,1.086,1.084,1.096,1.08,10983271,1192539936.0,1.47,-0.09,-0.001,2.3,2026-02-11 15:12:19
2021-06-22,1.088,1.08,1.091,1.076,10672972,1154695488.0,1.38,-0.37,-0.004,2.24,2026-02-11 15:12:19
2021-06-23,1.08,1.085,1.091,1.072,13075537,1415815008.0,1.76,0.46,0.005,2.74,2026-02-11 15:12:19
2021-06-24,1.086,1.089,1.101,1.083,12909519,1408810944.0,1.66,0.37,0.004,2.7,2026-02-11 15:12:19
2021-06-25,1.092,1.123,1.134,1.087,28015786,3126190112.0,4.32,3.12,0.034,5.87,2026-02-11 15:12:19
2021-06-28,1.126,1.112,1.129,1.108,14886191,1657433312.0,1.87,-0.98,-0.011,3.12,2026-02-11 15:12:19
2021-06-29,1.111,1.097,1.114,1.094,13295023,1466534128.0,1.8,-1.35,-0.015,2.79,2026-02-11 15:12:19
2021-06-30,1.098,1.109,1.112,1.094,13867060,1529390800.0,1.64,1.09,0.012,2.91,2026-02-11 15:12:19
2021-07-01,1.125,1.077,1.131,1.075,19076317,2099328032.0,5.05,-2.89,-0.032,4.0,2026-02-11 15:12:19
2021-07-02,1.073,1.046,1.073,1.045,15353040,1622990464.0,2.6,-2.88,-0.031,3.22,2026-02-11 15:12:19
2021-07-05,1.047,1.048,1.052,1.038,9305198,972641984.0,1.34,0.19,0.002,1.95,2026-02-11 15:12:19
2021-07-06,1.049,1.054,1.056,1.042,9610703,1007629968.0,1.34,0.57,0.006,2.01,2026-02-11 15:12:19
2021-07-07,1.048,1.057,1.061,1.046,11054460,1167627392.0,1.42,0.28,0.003,2.32,2026-02-11 15:12:19
2021-07-08,1.064,1.055,1.07,1.054,11073732,1176688928.0,1.51,-0.19,-0.002,2.32,2026-02-11 15:12:19
2021-07-09,1.049,1.06,1.064,1.048,11427570,1207523504.0,1.52,0.47,0.005,2.39,2026-02-11 15:12:19
2021-07-12,1.074,1.083,1.091,1.065,19349289,2090064384.0,2.45,2.17,0.023,4.05,2026-02-11 15:12:19
2021-07-13,1.078,1.077,1.085,1.071,9154197,985732160.0,1.29,-0.55,-0.006,1.92,2026-02-11 15:12:19
2021-07-14,1.075,1.064,1.078,1.062,10294594,1100980192.0,1.49,-1.21,-0.013,2.16,2026-02-11 15:12:19
2021-07-15,1.062,1.08,1.082,1.061,13385910,1437078464.0,1.97,1.5,0.016,2.8,2026-02-11 15:12:19
2021-07-16,1.086,1.08,1.096,1.076,17832259,1933758032.0,1.85,0.0,0.0,3.74,2026-02-11 15:12:19
2021-07-19,1.074,1.076,1.077,1.065,11149908,1194211808.0,1.11,-0.37,-0.004,2.34,2026-02-11 15:12:19
2021-07-20,1.067,1.071,1.079,1.066,8845056,947608144.0,1.21,-0.46,-0.005,1.85,2026-02-11 15:12:19
2021-07-21,1.074,1.088,1.099,1.073,19593057,2133061520.0,2.43,1.59,0.017,4.1,2026-02-11 15:12:19
2021-07-22,1.088,1.106,1.109,1.084,21254848,2335833776.0,2.3,1.65,0.018,4.45,2026-02-11 15:12:19
2021-07-23,1.107,1.111,1.143,1.095,26234449,2930963696.0,4.34,0.45,0.005,5.5,2026-02-11 15:12:19
2021-07-26,1.111,1.08,1.12,1.079,19486837,2143096944.0,3.69,-2.79,-0.031,4.08,2026-02-11 15:12:19
2021-07-27,1.08,1.049,1.086,1.044,18135275,1932416800.0,3.89,-2.87,-0.031,3.8,2026-02-11 15:12:19
2021-07-28,1.045,1.037,1.054,1.032,13240912,1379023936.0,2.1,-1.14,-0.012,2.77,2026-02-11 15:12:19
2021-07-29,1.048,1.051,1.06,1.042,14783994,1551389216.0,1.74,1.35,0.014,3.1,2026-02-11 15:12:19
2021-07-30,1.044,1.028,1.046,1.026,14306883,1476924272.0,1.9,-2.19,-0.023,3.0,2026-02-11 15:12:19
2021-08-02,1.025,1.069,1.084,1.015,24866051,2618296400.0,6.71,3.99,0.041,5.21,2026-02-11 15:12:19
2021-08-03,1.06,1.07,1.096,1.057,18669978,2007488816.0,3.65,0.09,0.001,3.91,2026-02-11 15:12:19
2021-08-04,1.067,1.072,1.076,1.063,11575316,1237710016.0,1.21,0.19,0.002,2.42,2026-02-11 15:12:19
2021-08-05,1.067,1.053,1.077,1.05,11800279,1252809840.0,2.52,-1.77,-0.019,2.47,2026-02-11 15:12:19
2021-08-06,1.053,1.057,1.064,1.051,10001559,1057734896.0,1.23,0.38,0.004,2.1,2026-02-11 15:12:19
2021-08-09,1.051,1.08,1.09,1.051,18823347,2031465056.0,3.69,2.18,0.023,3.94,2026-02-11 15:12:19
2021-08-10,1.077,1.096,1.097,1.07,18585566,2016637168.0,2.5,1.48,0.016,3.89,2026-02-11 15:12:19
2021-08-11,1.094,1.086,1.104,1.085,13319157,1456132528.0,1.73,-0.91,-0.01,2.79,2026-02-11 15:12:19
2021-08-12,1.083,1.079,1.09,1.077,8916813,964708416.0,1.2,-0.64,-0.007,1.87,2026-02-11 15:12:19
2021-08-13,1.077,1.079,1.089,1.072,9295200,1003080384.0,1.58,0.0,0.0,1.95,2026-02-11 15:12:19
2021-08-16,1.083,1.089,1.105,1.082,16441405,1801028640.0,2.13,0.93,0.01,3.44,2026-02-11 15:12:19
2021-08-17,1.086,1.082,1.124,1.08,22609427,2492528464.0,4.04,-0.64,-0.007,4.74,2026-02-11 15:12:19
2021-08-18,1.078,1.157,1.159,1.077,46621875,5270225920.0,7.58,6.93,0.075,9.77,2026-02-11 15:12:19
2021-08-19,1.154,1.133,1.175,1.131,31210122,3587032016.0,3.8,-2.07,-0.024,6.54,2026-02-11 15:12:19
2021-08-20,1.129,1.135,1.149,1.116,19031816,2155381088.0,2.91,0.18,0.002,3.99,2026-02-11 15:12:19
2021-08-23,1.142,1.139,1.154,1.129,16244599,1851945360.0,2.2,0.35,0.004,3.4,2026-02-11 15:12:19
2021-08-24,1.138,1.161,1.175,1.129,27026764,3119255584.0,4.04,1.93,0.022,5.66,2026-02-11 15:12:19
2021-08-25,1.153,1.143,1.158,1.138,16990892,1946060240.0,1.72,-1.55,-0.018,3.56,2026-02-11 15:12:19
2021-08-26,1.14,1.129,1.15,1.127,16301770,1852677728.0,2.01,-1.22,-0.014,3.42,2026-02-11 15:12:19
2021-08-27,1.126,1.125,1.143,1.121,16165359,1823644992.0,1.95,-0.35,-0.004,3.39,2026-02-11 15:12:19
2021-08-30,1.13,1.105,1.132,1.1,22644503,2514663664.0,2.84,-1.78,-0.02,4.74,2026-02-11 15:12:19
2021-08-31,1.102,1.13,1.14,1.095,31187452,3481894656.0,4.07,2.26,0.025,6.53,2026-02-11 15:12:19
2021-09-01,1.125,1.17,1.198,1.121,44958692,5230316800.0,6.81,3.54,0.04,9.42,2026-02-11 15:12:19
2021-09-02,1.17,1.191,1.196,1.164,30801165,3650663168.0,2.74,1.79,0.021,6.45,2026-02-11 15:12:19
2021-09-03,1.24,1.178,1.244,1.177,35721253,4311095808.0,5.63,-1.09,-0.013,7.48,2026-02-11 15:12:19
2021-09-06,1.179,1.215,1.227,1.178,25046034,3034622448.0,4.16,3.14,0.037,5.25,2026-02-11 15:12:19
2021-09-07,1.205,1.244,1.25,1.195,30122975,3687195920.0,4.53,2.39,0.029,6.31,2026-02-11 15:12:19
2021-09-08,1.239,1.243,1.277,1.234,25456875,3190735440.0,3.46,-0.08,-0.001,5.33,2026-02-11 15:12:19
2021-09-09,1.226,1.233,1.239,1.217,17785700,2183068064.0,1.77,-0.8,-0.01,3.73,2026-02-11 15:12:19
2021-09-10,1.24,1.249,1.289,1.236,29064730,3660344928.0,4.3,1.3,0.016,6.09,2026-02-11 15:12:19
2021-09-13,1.247,1.253,1.274,1.244,16596408,2084309328.0,2.4,0.32,0.004,3.48,2026-02-11 15:12:19
2021-09-14,1.253,1.215,1.257,1.211,21940604,2696725312.0,3.67,-3.03,-0.038,4.6,2026-02-11 15:12:19
2021-09-15,1.21,1.211,1.228,1.203,15206472,1847482592.0,2.06,-0.33,-0.004,3.19,2026-02-11 15:12:19
2021-09-16,1.213,1.186,1.218,1.182,19008753,2274756928.0,2.97,-2.06,-0.025,3.98,2026-02-11 15:12:19
2021-09-17,1.187,1.2,1.204,1.181,15699477,1875189392.0,1.94,1.18,0.014,3.29,2026-02-11 15:12:19
2021-09-22,1.188,1.191,1.199,1.181,14518572,1725020000.0,1.5,-0.75,-0.009,3.04,2026-02-11 15:12:19
2021-09-23,1.2,1.206,1.219,1.192,16407547,1977385232.0,2.27,1.26,0.015,3.44,2026-02-11 15:12:19
2021-09-24,1.206,1.189,1.214,1.188,15034791,1804080912.0,2.16,-1.41,-0.017,3.15,2026-02-11 15:12:19
2021-09-27,1.188,1.157,1.198,1.15,21122755,2484495280.0,4.04,-2.69,-0.032,4.43,2026-02-11 15:12:19
2021-09-28,1.16,1.175,1.184,1.159,12618138,1480766000.0,2.16,1.56,0.018,2.64,2026-02-11 15:12:19
2021-09-29,1.166,1.159,1.168,1.143,17155898,1985045472.0,2.13,-1.36,-0.016,3.59,2026-02-11 15:12:19
2021-09-30,1.163,1.157,1.164,1.149,11074493,1280466224.0,1.29,-0.17,-0.002,2.32,2026-02-11 15:12:19
2021-10-08,1.165,1.169,1.176,1.161,10796370,1261655456.0,1.3,1.04,0.012,2.26,2026-02-11 15:12:19
2021-10-11,1.171,1.162,1.178,1.159,10251898,1198599744.0,1.63,-0.6,-0.007,2.15,2026-02-11 15:12:19
2021-10-12,1.156,1.125,1.156,1.112,23638467,2675975696.0,3.79,-3.18,-0.037,4.95,2026-02-11 15:12:19
2021-10-13,1.124,1.131,1.137,1.115,13010519,1466804832.0,1.96,0.53,0.006,2.73,2026-02-11 15:12:19
2021-10-14,1.128,1.128,1.133,1.12,10820420,1219862512.0,1.15,-0.27,-0.003,2.27,2026-02-11 15:12:19
2021-10-15,1.121,1.129,1.136,1.121,10800504,1219068256.0,1.33,0.09,0.001,2.26,2026-02-11 15:12:19
2021-10-18,1.13,1.13,1.133,1.123,7977030,900000944.0,0.89,0.09,0.001,1.67,2026-02-11 15:12:19
2021-10-19,1.127,1.136,1.146,1.127,11055851,1257696752.0,1.68,0.53,0.006,2.32,2026-02-11 15:12:19
2021-10-20,1.136,1.132,1.143,1.131,11726957,1332889904.0,1.06,-0.35,-0.004,2.46,2026-02-11 15:12:19
2021-10-21,1.133,1.135,1.147,1.126,17021015,1933781616.0,1.86,0.27,0.003,3.57,2026-02-11 15:12:19
2021-10-22,1.137,1.137,1.145,1.13,12296295,1398547360.0,1.32,0.18,0.002,2.58,2026-02-11 15:12:19
2021-10-25,1.136,1.152,1.157,1.126,17575208,2002901936.0,2.73,1.32,0.015,3.68,2026-02-11 15:12:19
2021-10-26,1.146,1.14,1.155,1.139,12426812,1423945712.0,1.39,-1.04,-0.012,2.6,2026-02-11 15:12:19
2021-10-27,1.135,1.11,1.137,1.108,19032588,2128810832.0,2.54,-2.63,-0.03,3.99,2026-02-11 15:12:19
2021-10-28,1.107,1.102,1.115,1.099,11485086,1271108896.0,1.44,-0.72,-0.008,2.41,2026-02-11 15:12:19
2021-10-29,1.1,1.11,1.118,1.085,20068291,2209323664.0,2.99,0.73,0.008,4.2,2026-02-11 15:12:19
2021-11-01,1.105,1.114,1.124,1.103,12999048,1450055424.0,1.89,0.36,0.004,2.72,2026-02-11 15:12:19
2021-11-02,1.113,1.091,1.118,1.084,18204318,1999080672.0,3.05,-2.06,-0.023,3.81,2026-02-11 15:12:19
2021-11-03,1.092,1.095,1.102,1.09,9004508,986358896.0,1.1,0.37,0.004,1.89,2026-02-11 15:12:19
2021-11-04,1.102,1.096,1.109,1.094,9565976,1051648912.0,1.37,0.09,0.001,2.0,2026-02-11 15:12:19
2021-11-05,1.094,1.093,1.103,1.09,10824345,1186665344.0,1.19,-0.27,-0.003,2.27,2026-02-11 15:12:19
2021-11-08,1.091,1.104,1.111,1.09,12457580,1371887376.0,1.92,1.01,0.011,2.61,2026-02-11 15:12:19
2021-11-09,1.106,1.111,1.115,1.101,12693776,1406314480.0,1.27,0.63,0.007,2.66,2026-02-11 15:12:19
2021-11-10,1.108,1.109,1.114,1.099,12741511,1408075696.0,1.35,-0.18,-0.002,2.67,2026-02-11 15:12:19
2021-11-11,1.106,1.141,1.147,1.106,28039386,3173481040.0,3.7,2.89,0.032,5.87,2026-02-11 15:12:19
2021-11-12,1.141,1.135,1.143,1.129,11930893,1353158752.0,1.23,-0.53,-0.006,2.5,2026-02-11 15:12:19
2021-11-15,1.137,1.131,1.142,1.127,10308285,1167058096.0,1.32,-0.35,-0.004,2.16,2026-02-11 15:12:19
2021-11-16,1.128,1.115,1.134,1.112,17996218,2019104096.0,1.95,-1.41,-0.016,3.77,2026-02-11 15:12:19
2021-11-17,1.114,1.114,1.12,1.112,9722419,1083867680.0,0.72,-0.09,-0.001,2.04,2026-02-11 15:12:19
2021-11-18,1.112,1.102,1.113,1.101,12050932,1331730112.0,1.08,-1.08,-0.012,2.52,2026-02-11 15:12:19
2021-11-19,1.1,1.124,1.13,1.1,21010006,2346383888.0,2.72,2.0,0.022,4.4,2026-02-11 15:12:19
2021-11-22,1.121,1.13,1.138,1.118,17113844,1933742752.0,1.78,0.53,0.006,3.59,2026-02-11 15:12:19
2021-11-23,1.127,1.133,1.148,1.127,18685464,2129858416.0,1.86,0.27,0.003,3.91,2026-02-11 15:12:19
2021-11-24,1.132,1.131,1.138,1.127,10809977,1223782496.0,0.97,-0.18,-0.002,2.26,2026-02-11 15:12:19
2021-11-25,1.13,1.125,1.134,1.123,11081053,1249158736.0,0.97,-0.53,-0.006,2.32,2026-02-11 15:12:19
2021-11-26,1.124,1.117,1.126,1.116,12576466,1409238640.0,0.89,-0.71,-0.008,2.63,2026-02-11 15:12:19
2021-11-29,1.108,1.107,1.112,1.103,13545567,1499810016.0,0.81,-0.9,-0.01,2.84,2026-02-11 15:12:19
2021-11-30,1.11,1.108,1.119,1.104,9886148,1098689664.0,1.36,0.09,0.001,2.07,2026-02-11 15:12:19
2021-12-01,1.106,1.123,1.126,1.105,13213446,1478535200.0,1.9,1.35,0.015,2.77,2026-02-11 15:12:19
2021-12-02,1.12,1.131,1.138,1.118,14789119,1672737616.0,1.78,0.71,0.008,3.1,2026-02-11 15:12:19
2021-12-03,1.132,1.137,1.141,1.123,13709327,1554260048.0,1.59,0.53,0.006,2.87,2026-02-11 15:12:19
2021-12-06,1.145,1.153,1.187,1.144,32385630,3779035744.0,3.78,1.41,0.016,6.78,2026-02-11 15:12:19
2021-12-07,1.167,1.158,1.17,1.149,15693210,1818005184.0,1.82,0.43,0.005,3.29,2026-02-11 15:12:19
2021-12-08,1.159,1.174,1.174,1.15,17506764,2039172688.0,2.07,1.38,0.016,3.67,2026-02-11 15:12:19
2021-12-09,1.17,1.193,1.215,1.168,26689470,3182158288.0,4.0,1.62,0.019,5.59,2026-02-11 15:12:19
2021-12-10,1.183,1.178,1.187,1.175,13258169,1564977056.0,1.01,-1.26,-0.015,2.78,2026-02-11 15:12:19
2021-12-13,1.198,1.185,1.218,1.181,25235953,3028097952.0,3.14,0.59,0.007,5.29,2026-02-11 15:12:19
2021-12-14,1.177,1.178,1.19,1.174,10716262,1264616976.0,1.35,-0.59,-0.007,2.25,2026-02-11 15:12:19
2021-12-15,1.179,1.185,1.197,1.178,9937102,1179626512.0,1.61,0.59,0.007,2.08,2026-02-11 15:12:19
2021-12-16,1.188,1.193,1.194,1.181,9745343,1157854176.0,1.1,0.68,0.008,2.04,2026-02-11 15:12:19
2021-12-17,1.193,1.181,1.201,1.18,12025594,1431186992.0,1.76,-1.01,-0.012,2.52,2026-02-11 15:12:19
2021-12-20,1.176,1.161,1.186,1.159,14067505,1646193552.0,2.29,-1.69,-0.02,2.95,2026-02-11 15:12:19
2021-12-21,1.161,1.177,1.179,1.158,11855433,1386537856.0,1.81,1.38,0.016,2.48,2026-02-11 15:12:19
2021-12-22,1.177,1.167,1.177,1.165,7577317,886548000.0,1.02,-0.85,-0.01,1.59,2026-02-11 15:12:19
2021-12-23,1.168,1.165,1.173,1.157,11266849,1311717440.0,1.37,-0.17,-0.002,2.36,2026-02-11 15:12:19
2021-12-24,1.165,1.158,1.174,1.156,9099725,1058789232.0,1.55,-0.6,-0.007,1.91,2026-02-11 15:12:19
2021-12-27,1.158,1.16,1.165,1.155,6845369,793761648.0,0.86,0.17,0.002,1.43,2026-02-11 15:12:19
2021-12-28,1.164,1.169,1.17,1.157,9889454,1150638944.0,1.12,0.78,0.009,2.07,2026-02-11 15:12:19
2021-12-29,1.169,1.155,1.169,1.154,10384656,1205855296.0,1.28,-1.2,-0.014,2.18,2026-02-11 15:12:19
2021-12-30,1.154,1.174,1.179,1.152,13699476,1602484352.0,2.34,1.65,0.019,2.87,2026-02-11 15:12:19
2021-12-31,1.177,1.176,1.182,1.17,9968829,1171842080.0,1.02,0.17,0.002,2.09,2026-02-11 15:12:19
2022-01-04,1.176,1.17,1.177,1.161,8733729,1020139600.0,1.36,-0.51,-0.006,1.83,2026-02-11 15:12:19
2022-01-05,1.169,1.16,1.173,1.157,11253386,1309650624.0,1.37,-0.85,-0.01,2.36,2026-02-11 15:12:19
2022-01-06,1.154,1.137,1.156,1.134,15218660,1737943088.0,1.9,-1.98,-0.023,3.19,2026-02-11 15:12:19
2022-01-07,1.141,1.139,1.149,1.138,9154992,1046094272.0,0.97,0.18,0.002,1.92,2026-02-11 15:12:19
2022-01-10,1.141,1.138,1.146,1.135,8809357,1004140992.0,0.97,-0.09,-0.001,1.85,2026-02-11 15:12:19
2022-01-11,1.138,1.139,1.15,1.135,11034523,1260406768.0,1.32,0.09,0.001,2.31,2026-02-11 15:12:19
2022-01-12,1.141,1.143,1.145,1.134,11896568,1355426512.0,0.97,0.35,0.004,2.49,2026-02-11 15:12:19
2022-01-13,1.147,1.136,1.152,1.135,12578447,1438847264.0,1.49,-0.61,-0.007,2.64,2026-02-11 15:12:19
2022-01-14,1.127,1.105,1.127,1.104,18669956,2082954864.0,2.02,-2.73,-0.031,3.91,2026-02-11 15:12:19
2022-01-17,1.103,1.116,1.12,1.101,10522495,1170873168.0,1.72,1.0,0.011,2.2,2026-02-11 15:12:19
2022-01-18,1.115,1.118,1.126,1.111,11336633,1268253296.0,1.34,0.18,0.002,2.37,2026-02-11 15:12:19
2022-01-19,1.12,1.122,1.133,1.117,10399956,1170674912.0,1.43,0.36,0.004,2.18,2026-02-11 15:12:19
2022-01-20,1.122,1.141,1.149,1.118,18586337,2112811536.0,2.76,1.69,0.019,3.89,2026-02-11 15:12:19
2022-01-21,1.137,1.131,1.14,1.129,11865804,1344515936.0,0.96,-0.88,-0.01,2.49,2026-02-11 15:12:19
2022-01-24,1.127,1.123,1.133,1.122,9174782,1033862592.0,0.97,-0.71,-0.008,1.92,2026-02-11 15:12:19
2022-01-25,1.119,1.093,1.122,1.092,16129055,1788907744.0,2.67,-2.67,-0.03,3.38,2026-02-11 15:12:19
2022-01-26,1.094,1.112,1.114,1.093,13362557,1474307792.0,1.92,1.74,0.019,2.8,2026-02-11 15:12:19
2022-01-27,1.106,1.087,1.111,1.085,15023712,1647602608.0,2.34,-2.25,-0.025,3.15,2026-02-11 15:12:19
2022-01-28,1.094,1.076,1.108,1.075,14037862,1530459664.0,3.04,-1.01,-0.011,2.94,2026-02-11 15:12:19
2022-02-07,1.091,1.092,1.098,1.084,12904775,1407062656.0,1.3,1.49,0.016,2.7,2026-02-11 15:12:19
2022-02-08,1.09,1.107,1.108,1.084,12086430,1324856640.0,2.2,1.37,0.015,2.53,2026-02-11 15:12:19
2022-02-09,1.106,1.11,1.113,1.102,8901367,986307328.0,0.99,0.27,0.003,1.86,2026-02-11 15:12:19
2022-02-10,1.11,1.11,1.114,1.102,8105178,898466576.0,1.08,0.0,0.0,1.7,2026-02-11 15:12:19
2022-02-11,1.108,1.111,1.127,1.106,13620718,1521403888.0,1.89,0.09,0.001,2.85,2026-02-11 15:12:19
2022-02-14,1.102,1.06,1.103,1.055,25061172,2692414704.0,4.32,-4.59,-0.051,5.25,2026-02-11 15:12:19
2022-02-15,1.058,1.062,1.063,1.055,10339214,1094916112.0,0.75,0.19,0.002,2.17,2026-02-11 15:12:19
2022-02-16,1.067,1.064,1.073,1.061,7625432,813034064.0,1.13,0.19,0.002,1.6,2026-02-11 15:12:19
2022-02-17,1.062,1.056,1.066,1.055,9407495,996609488.0,1.03,-0.75,-0.008,1.97,2026-02-11 15:12:19
2022-02-18,1.05,1.058,1.061,1.049,9579484,1010472416.0,1.14,0.19,0.002,2.01,2026-02-11 15:12:19
2022-02-21,1.06,1.057,1.061,1.051,9357789,986683584.0,0.95,-0.09,-0.001,1.96,2026-02-11 15:12:19
2022-02-22,1.049,1.036,1.05,1.032,13278708,1381497520.0,1.7,-1.99,-0.021,2.78,2026-02-11 15:12:19
2022-02-23,1.039,1.05,1.05,1.036,10781025,1126570944.0,1.35,1.35,0.014,2.26,2026-02-11 15:12:19
2022-02-24,1.043,1.02,1.049,1.011,17124645,1760823088.0,3.62,-2.86,-0.03,3.59,2026-02-11 15:12:19
2022-02-25,1.029,1.022,1.036,1.019,9746824,1000962688.0,1.67,0.2,0.002,2.04,2026-02-11 15:12:19
2022-02-28,1.02,1.019,1.024,1.01,9684347,983587952.0,1.37,-0.29,-0.003,2.03,2026-02-11 15:12:19
2022-03-01,1.023,1.028,1.03,1.02,10491375,1075341568.0,0.98,0.88,0.009,2.2,2026-02-11 15:12:19
2022-03-02,1.023,1.024,1.027,1.021,6164352,631206320.0,0.58,-0.39,-0.004,1.29,2026-02-11 15:12:19
2022-03-03,1.029,1.024,1.032,1.022,7349427,754208288.0,0.98,0.0,0.0,1.54,2026-02-11 15:12:19
2022-03-04,1.018,1.01,1.019,1.007,11173571,1131613072.0,1.17,-1.37,-0.014,2.34,2026-02-11 15:12:19
2022-03-07,1.005,0.985,1.006,0.981,13931173,1384815056.0,2.48,-2.48,-0.025,2.92,2026-02-11 15:12:19
2022-03-08,0.985,0.96,0.993,0.955,16240210,1586146208.0,3.86,-2.54,-0.025,3.4,2026-02-11 15:12:19
2022-03-09,0.968,0.937,0.97,0.902,23781832,2231637936.0,7.08,-2.4,-0.023,4.98,2026-02-11 15:12:19
2022-03-10,0.955,0.935,0.958,0.934,16226377,1533973456.0,2.56,-0.21,-0.002,3.4,2026-02-11 15:12:19
2022-03-11,0.921,0.956,0.963,0.907,20410069,1904799936.0,5.99,2.25,0.021,4.28,2026-02-11 15:12:19
2022-03-14,0.939,0.94,0.96,0.937,11811261,1120101936.0,2.41,-1.67,-0.016,2.47,2026-02-11 15:12:19
2022-03-15,0.932,0.909,0.952,0.906,17555433,1633095184.0,4.89,-3.3,-0.031,3.68,2026-02-11 15:12:19
2022-03-16,0.919,0.967,0.972,0.905,26812159,2519700240.0,7.37,6.38,0.058,5.62,2026-02-11 15:12:19
2022-03-17,0.974,0.963,0.986,0.959,21239188,2059454576.0,2.79,-0.41,-0.004,4.45,2026-02-11 15:12:19
2022-03-18,0.96,0.972,0.975,0.955,13525645,1306477280.0,2.08,0.93,0.009,2.83,2026-02-11 15:12:19
2022-03-21,0.965,0.955,0.967,0.951,11649010,1116573664.0,1.65,-1.75,-0.017,2.44,2026-02-11 15:12:19
2022-03-22,0.951,0.956,0.967,0.95,11924852,1141731328.0,1.78,0.1,0.001,2.5,2026-02-11 15:12:19
2022-03-23,0.959,0.957,0.961,0.953,7476128,715651152.0,0.84,0.1,0.001,1.57,2026-02-11 15:12:19
2022-03-24,0.95,0.946,0.954,0.943,8465151,803011200.0,1.15,-1.15,-0.011,1.77,2026-02-11 15:12:19
2022-03-25,0.947,0.935,0.955,0.934,10013348,945214096.0,2.22,-1.16,-0.011,2.1,2026-02-11 15:12:19
2022-03-28,0.927,0.936,0.945,0.92,9802778,914530640.0,2.67,0.11,0.001,2.05,2026-02-11 15:12:19
2022-03-29,0.94,0.93,0.942,0.926,7111019,663992528.0,1.71,-0.64,-0.006,1.49,2026-02-11 15:12:19
2022-03-30,0.936,0.965,0.967,0.935,19032475,1818089488.0,3.44,3.76,0.035,3.99,2026-02-11 15:12:19
2022-03-31,0.96,0.957,0.965,0.955,8180811,784395008.0,1.04,-0.83,-0.008,1.71,2026-02-11 15:12:19
2022-04-01,0.951,0.97,0.974,0.95,14161660,1366689520.0,2.51,1.36,0.013,2.97,2026-02-11 15:12:19
2022-04-06,0.962,0.971,0.973,0.962,8436408,816534096.0,1.13,0.1,0.001,1.77,2026-02-11 15:12:19
2022-04-07,0.968,0.951,0.977,0.95,10041044,967398240.0,2.78,-2.06,-0.02,2.1,2026-02-11 15:12:19
2022-04-08,0.952,0.966,0.971,0.945,11107416,1065417904.0,2.73,1.58,0.015,2.33,2026-02-11 15:12:19
2022-04-11,0.96,0.936,0.961,0.933,11902814,1124455216.0,2.9,-3.11,-0.03,2.49,2026-02-11 15:12:19
2022-04-12,0.936,0.967,0.977,0.933,15435735,1476797920.0,4.7,3.31,0.031,3.23,2026-02-11 15:12:19
2022-04-13,0.958,0.958,0.973,0.953,10880984,1046277536.0,2.07,-0.93,-0.009,2.28,2026-02-11 15:12:19
2022-04-14,0.965,0.972,0.98,0.96,15947476,1551332400.0,2.09,1.46,0.014,3.34,2026-02-11 15:12:19
2022-04-15,0.965,0.966,0.98,0.961,11116867,1077647360.0,1.95,-0.62,-0.006,2.33,2026-02-11 15:12:19
2022-04-18,0.953,0.94,0.953,0.933,13245036,1246371104.0,2.07,-2.69,-0.026,2.77,2026-02-11 15:12:19
2022-04-19,0.938,0.933,0.944,0.931,8852480,829216256.0,1.38,-0.74,-0.007,1.85,2026-02-11 15:12:19
2022-04-20,0.933,0.918,0.937,0.916,11701006,1082875728.0,2.25,-1.61,-0.015,2.45,2026-02-11 15:12:19
2022-04-21,0.913,0.916,0.934,0.911,13532562,1245909696.0,2.51,-0.22,-0.002,2.84,2026-02-11 15:12:19
2022-04-22,0.91,0.917,0.924,0.909,11689944,1073475488.0,1.64,0.11,0.001,2.45,2026-02-11 15:12:19
2022-04-25,0.901,0.889,0.92,0.885,19620021,1772067184.0,3.82,-3.05,-0.028,4.11,2026-02-11 15:12:19
2022-04-26,0.888,0.849,0.89,0.842,21435054,1851784592.0,5.4,-4.5,-0.04,4.49,2026-02-11 15:12:19
2022-04-27,0.834,0.86,0.866,0.831,19702297,1671171216.0,4.12,1.3,0.011,4.13,2026-02-11 15:12:19
2022-04-28,0.851,0.844,0.855,0.832,14521203,1225464144.0,2.67,-1.86,-0.016,3.04,2026-02-11 15:12:19
2022-04-29,0.862,0.879,0.888,0.849,26036121,2265379136.0,4.62,4.15,0.035,5.45,2026-02-11 15:12:19
2022-05-05,0.867,0.867,0.873,0.862,10454748,906987696.0,1.25,-1.37,-0.012,2.19,2026-02-11 15:12:19
2022-05-06,0.852,0.844,0.856,0.842,12073967,1025623776.0,1.61,-2.65,-0.023,2.53,2026-02-11 15:12:19
2022-05-09,0.84,0.845,0.851,0.839,6995488,591312240.0,1.42,0.12,0.001,1.47,2026-02-11 15:12:19
2022-05-10,0.838,0.858,0.862,0.836,13459896,1147226976.0,3.08,1.54,0.013,2.82,2026-02-11 15:12:19
2022-05-11,0.857,0.863,0.882,0.855,19979574,1738132048.0,3.15,0.58,0.005,4.19,2026-02-11 15:12:19
2022-05-12,0.858,0.865,0.874,0.857,10539801,910227360.0,1.97,0.23,0.002,2.21,2026-02-11 15:12:19
2022-05-13,0.869,0.87,0.875,0.862,9953832,863971360.0,1.5,0.58,0.005,2.09,2026-02-11 15:12:19
2022-05-16,0.877,0.86,0.879,0.86,8481748,734512224.0,2.18,-1.15,-0.01,1.78,2026-02-11 15:12:19
2022-05-17,0.861,0.866,0.87,0.856,10511389,906768000.0,1.63,0.7,0.006,2.2,2026-02-11 15:12:19
2022-05-18,0.869,0.868,0.876,0.864,11827701,1029048144.0,1.39,0.23,0.002,2.48,2026-02-11 15:12:19
2022-05-19,0.857,0.867,0.867,0.855,9496642,818128624.0,1.38,-0.12,-0.001,1.99,2026-02-11 15:12:19
2022-05-20,0.872,0.884,0.885,0.87,17726561,1559158640.0,1.73,1.96,0.017,3.71,2026-02-11 15:12:19
2022-05-23,0.88,0.885,0.888,0.874,10067671,886828400.0,1.58,0.11,0.001,2.11,2026-02-11 15:12:19
2022-05-24,0.883,0.861,0.889,0.86,11601294,1014428352.0,3.28,-2.71,-0.024,2.43,2026-02-11 15:12:19
2022-05-25,0.86,0.864,0.865,0.859,8338894,719308288.0,0.7,0.35,0.003,1.75,2026-02-11 15:12:19
2022-05-26,0.865,0.878,0.888,0.857,14875615,1300966000.0,3.59,1.62,0.014,3.12,2026-02-11 15:12:19
2022-05-27,0.883,0.877,0.887,0.871,12518082,1102471120.0,1.82,-0.11,-0.001,2.62,2026-02-11 15:12:19
2022-05-30,0.878,0.873,0.881,0.869,8674036,758236368.0,1.37,-0.46,-0.004,1.82,2026-02-11 15:12:19
2022-05-31,0.872,0.884,0.886,0.869,13898659,1221688880.0,1.95,1.26,0.011,2.91,2026-02-11 15:12:19
2022-06-01,0.883,0.88,0.887,0.875,9689100,853824672.0,1.36,-0.45,-0.004,2.03,2026-02-11 15:12:19
2022-06-02,0.877,0.886,0.89,0.872,11581451,1021770320.0,2.05,0.68,0.006,2.43,2026-02-11 15:12:19
2022-06-06,0.883,0.906,0.907,0.881,18787359,1686970336.0,2.93,2.26,0.02,3.94,2026-02-11 15:12:19
2022-06-07,0.903,0.908,0.923,0.901,16545040,1509828672.0,2.43,0.22,0.002,3.47,2026-02-11 15:12:19
2022-06-08,0.908,0.922,0.926,0.905,22493639,2059913568.0,2.31,1.54,0.014,4.71,2026-02-11 15:12:19
2022-06-09,0.924,0.922,0.945,0.918,21403104,1991005872.0,2.93,0.0,0.0,4.48,2026-02-11 15:12:19
2022-06-10,0.915,0.945,0.949,0.911,19888651,1850481136.0,4.12,2.49,0.023,4.17,2026-02-11 15:12:19
2022-06-13,0.933,0.932,0.945,0.923,15250912,1424331776.0,2.33,-1.38,-0.013,3.2,2026-02-11 15:12:19
2022-06-14,0.92,0.985,0.987,0.911,24593558,2328256720.0,8.15,5.69,0.053,5.15,2026-02-11 15:12:19
2022-06-15,0.99,1.015,1.052,0.99,46231782,4725762304.0,6.29,3.05,0.03,9.69,2026-02-11 15:12:19
2022-06-16,1.011,0.969,1.012,0.967,32376593,3198018864.0,4.43,-4.53,-0.046,6.78,2026-02-11 15:12:19
2022-06-17,0.96,0.966,0.982,0.946,23609089,2272733088.0,3.72,-0.31,-0.003,4.95,2026-02-11 15:12:19
2022-06-20,0.962,0.96,0.978,0.956,16564643,1597140544.0,2.28,-0.62,-0.006,3.47,2026-02-11 15:12:19
2022-06-21,0.961,0.959,0.967,0.951,17847957,1712826320.0,1.67,-0.1,-0.001,3.74,2026-02-11 15:12:19
2022-06-22,0.958,0.943,0.967,0.942,15879462,1515929296.0,2.61,-1.67,-0.016,3.33,2026-02-11 15:12:19
2022-06-23,0.942,0.977,0.985,0.941,22899937,2212772128.0,4.67,3.61,0.034,4.8,2026-02-11 15:12:19
2022-06-24,0.98,0.979,0.985,0.968,16828119,1643796672.0,1.74,0.2,0.002,3.53,2026-02-11 15:12:19
2022-06-27,0.983,0.98,0.992,0.977,18114790,1781121312.0,1.53,0.1,0.001,3.8,2026-02-11 15:12:19
2022-06-28,0.977,0.987,0.997,0.966,18629383,1820491760.0,3.16,0.71,0.007,3.9,2026-02-11 15:12:19
2022-06-29,0.981,0.967,0.994,0.965,17974133,1765233424.0,2.94,-2.03,-0.02,3.77,2026-02-11 15:12:19
2022-06-30,0.968,0.976,0.986,0.968,17536834,1715070576.0,1.86,0.93,0.009,3.67,2026-02-11 15:12:19
2022-07-01,0.977,0.963,0.978,0.96,12866696,1246412592.0,1.84,-1.33,-0.013,2.7,2026-02-11 15:12:19
2022-07-04,0.962,0.967,0.968,0.95,12006281,1152609856.0,1.87,0.42,0.004,2.52,2026-02-11 15:12:19
2022-07-05,0.968,0.954,0.973,0.948,15048898,1440497328.0,2.59,-1.34,-0.013,3.15,2026-02-11 15:12:19
2022-07-06,0.953,0.943,0.956,0.941,14595447,1383487888.0,1.57,-1.15,-0.011,3.06,2026-02-11 15:12:19
2022-07-07,0.942,0.941,0.952,0.94,10789701,1019266464.0,1.27,-0.21,-0.002,2.26,2026-02-11 15:12:19
2022-07-08,0.946,0.935,0.951,0.934,12084450,1137714880.0,1.81,-0.64,-0.006,2.53,2026-02-11 15:12:19
2022-07-11,0.932,0.924,0.934,0.923,13228461,1227417424.0,1.18,-1.18,-0.011,2.77,2026-02-11 15:12:19
2022-07-12,0.927,0.929,0.941,0.923,13301493,1238092704.0,1.95,0.54,0.005,2.79,2026-02-11 15:12:19
2022-07-13,0.928,0.927,0.934,0.924,9575098,889391273.0,1.08,-0.22,-0.002,2.01,2026-02-11 15:12:19
2022-07-14,0.924,0.92,0.929,0.918,11120008,1026131059.0,1.19,-0.76,-0.007,2.33,2026-02-11 15:12:19
2022-07-15,0.917,0.896,0.921,0.894,14924276,1357225602.0,2.93,-2.61,-0.024,3.13,2026-02-11 15:12:19
2022-07-18,0.9,0.915,0.92,0.899,12534493,1142203543.0,2.34,2.12,0.019,2.63,2026-02-11 15:12:19
2022-07-19,0.914,0.923,0.927,0.911,10302000,946828444.0,1.75,0.87,0.008,2.16,2026-02-11 15:12:19
2022-07-20,0.926,0.923,0.929,0.92,7649080,706909329.0,0.98,0.0,0.0,1.6,2026-02-11 15:12:19
2022-07-21,0.92,0.914,0.924,0.913,8219005,754838727.0,1.19,-0.98,-0.009,1.72,2026-02-11 15:12:19
2022-07-22,0.917,0.916,0.926,0.909,10388163,953469227.0,1.86,0.22,0.002,2.18,2026-02-11 15:12:19
2022-07-25,0.915,0.905,0.916,0.905,8302537,754325247.0,1.2,-1.2,-0.011,1.74,2026-02-11 15:12:19
2022-07-26,0.906,0.911,0.915,0.904,7639913,695110592.0,1.22,0.66,0.006,1.6,2026-02-11 15:12:19
2022-07-27,0.908,0.908,0.912,0.905,6638457,603046893.0,0.77,-0.33,-0.003,1.39,2026-02-11 15:12:19
2022-07-28,0.914,0.915,0.926,0.913,12546946,1153684571.0,1.43,0.77,0.007,2.63,2026-02-11 15:12:19
2022-07-29,0.916,0.907,0.922,0.906,10029414,915272013.0,1.75,-0.87,-0.008,2.1,2026-02-11 15:12:19
2022-08-01,0.904,0.9,0.905,0.894,9314386,836550703.0,1.21,-0.77,-0.007,1.95,2026-02-11 15:12:19
2022-08-02,0.89,0.871,0.891,0.861,16510114,1442562413.0,3.33,-3.22,-0.029,3.46,2026-02-11 15:12:19
2022-08-03,0.872,0.866,0.881,0.865,10820500,944780975.0,1.84,-0.57,-0.005,2.27,2026-02-11 15:12:19
2022-08-04,0.872,0.874,0.879,0.868,10131142,884147136.0,1.27,0.92,0.008,2.12,2026-02-11 15:12:19
2022-08-05,0.875,0.895,0.896,0.873,16537776,1463424133.0,2.63,2.4,0.021,3.46,2026-02-11 15:12:19
2022-08-08,0.892,0.895,0.898,0.889,6863245,613949958.0,1.01,0.0,0.0,1.44,2026-02-11 15:12:19
2022-08-09,0.893,0.892,0.899,0.89,7105322,635406215.0,1.01,-0.34,-0.003,1.49,2026-02-11 15:12:19
2022-08-10,0.89,0.889,0.901,0.887,7895209,705304290.0,1.57,-0.34,-0.003,1.65,2026-02-11 15:12:19
2022-08-11,0.896,0.938,0.938,0.893,27712006,2552633485.0,5.06,5.51,0.049,5.81,2026-02-11 15:12:19
2022-08-12,0.929,0.935,0.942,0.926,12593441,1177608145.0,1.71,-0.32,-0.003,2.64,2026-02-11 15:12:19
2022-08-15,0.929,0.927,0.938,0.924,9313842,866117869.0,1.5,-0.86,-0.008,1.95,2026-02-11 15:12:19
2022-08-16,0.93,0.925,0.935,0.924,8387747,778933951.0,1.19,-0.22,-0.002,1.76,2026-02-11 15:12:19
2022-08-17,0.927,0.944,0.949,0.922,16754475,1574279736.0,2.92,2.05,0.019,3.51,2026-02-11 15:12:19
2022-08-18,0.94,0.936,0.945,0.934,9338666,876379466.0,1.17,-0.85,-0.008,1.96,2026-02-11 15:12:19
2022-08-19,0.935,0.931,0.944,0.93,9439278,884654280.0,1.5,-0.53,-0.005,1.98,2026-02-11 15:12:19
2022-08-22,0.93,0.929,0.934,0.926,9761677,907045266.0,0.86,-0.21,-0.002,2.05,2026-02-11 15:12:19
2022-08-23,0.927,0.931,0.945,0.923,11619396,1083436599.0,2.37,0.22,0.002,2.43,2026-02-11 15:12:19
2022-08-24,0.929,0.919,0.952,0.917,16069286,1501981692.0,3.76,-1.29,-0.012,3.37,2026-02-11 15:12:19
2022-08-25,0.92,0.937,0.941,0.92,15053234,1398482930.0,2.29,1.96,0.018,3.15,2026-02-11 15:12:19
2022-08-26,0.936,0.927,0.939,0.925,8829266,821694140.0,1.49,-1.07,-0.01,1.85,2026-02-11 15:12:19
2022-08-29,0.918,0.922,0.924,0.914,8611878,791600669.0,1.08,-0.54,-0.005,1.8,2026-02-11 15:12:19
2022-08-30,0.921,0.923,0.931,0.914,10486135,965295410.0,1.84,0.11,0.001,2.2,2026-02-11 15:12:19
2022-08-31,0.919,0.929,0.938,0.918,12776595,1184509600.0,2.17,0.65,0.006,2.68,2026-02-11 15:12:19
2022-09-01,0.926,0.917,0.929,0.915,9606424,885940268.0,1.51,-1.29,-0.012,2.01,2026-02-11 15:12:19
2022-09-02,0.916,0.913,0.924,0.909,9291288,850224390.0,1.64,-0.44,-0.004,1.95,2026-02-11 15:12:19
2022-09-05,0.912,0.92,0.921,0.909,8321450,761839680.0,1.31,0.77,0.007,1.74,2026-02-11 15:12:19
2022-09-06,0.924,0.931,0.932,0.921,10470037,970559609.0,1.2,1.2,0.011,2.19,2026-02-11 15:12:19
2022-09-07,0.927,0.925,0.929,0.923,7371412,681836021.0,0.64,-0.64,-0.006,1.54,2026-02-11 15:12:19
2022-09-08,0.927,0.922,0.931,0.922,7455382,690378606.0,0.97,-0.32,-0.003,1.56,2026-02-11 15:12:19
2022-09-09,0.923,0.939,0.943,0.922,13691232,1280119526.0,2.28,1.84,0.017,2.87,2026-02-11 15:12:19
2022-09-13,0.94,0.937,0.949,0.936,7952095,748587372.0,1.38,-0.21,-0.002,1.67,2026-02-11 15:12:19
2022-09-14,0.925,0.923,0.93,0.921,11177174,1034482210.0,0.96,-1.49,-0.014,2.34,2026-02-11 15:12:19
2022-09-15,0.927,0.922,0.934,0.916,11030374,1022357067.0,1.95,-0.11,-0.001,2.31,2026-02-11 15:12:19
2022-09-16,0.918,0.869,0.919,0.866,24674007,2172365332.0,5.75,-5.75,-0.053,5.17,2026-02-11 15:12:19
2022-09-19,0.867,0.859,0.868,0.856,9659767,832011668.0,1.38,-1.15,-0.01,2.02,2026-02-11 15:12:19
2022-09-20,0.863,0.859,0.866,0.857,7145737,615450757.0,1.05,0.0,0.0,1.5,2026-02-11 15:12:19
2022-09-21,0.856,0.86,0.863,0.846,9378317,801075816.0,1.98,0.12,0.001,1.96,2026-02-11 15:12:19
2022-09-22,0.853,0.855,0.862,0.851,7051341,604127104.0,1.28,-0.58,-0.005,1.48,2026-02-11 15:12:19
2022-09-23,0.855,0.856,0.865,0.85,8426500,722930015.0,1.75,0.12,0.001,1.77,2026-02-11 15:12:19
2022-09-26,0.851,0.838,0.854,0.836,9192068,776826159.0,2.1,-2.1,-0.018,1.93,2026-02-11 15:12:19
2022-09-27,0.841,0.845,0.846,0.836,8155253,685924958.0,1.19,0.84,0.007,1.71,2026-02-11 15:12:19
2022-09-28,0.842,0.831,0.844,0.83,8674326,726032434.0,1.66,-1.66,-0.014,1.82,2026-02-11 15:12:19
2022-09-29,0.836,0.82,0.837,0.815,10903292,901053920.0,2.65,-1.32,-0.011,2.28,2026-02-11 15:12:19
2022-09-30,0.819,0.816,0.827,0.816,8095519,665031095.0,1.34,-0.49,-0.004,1.7,2026-02-11 15:12:19
2022-10-10,0.816,0.808,0.823,0.807,8235402,671331596.0,1.96,-0.98,-0.008,1.73,2026-02-11 15:12:19
2022-10-11,0.811,0.816,0.826,0.807,7875314,642186015.0,2.35,0.99,0.008,1.65,2026-02-11 15:12:19
2022-10-12,0.815,0.835,0.835,0.812,10515566,865166507.0,2.82,2.33,0.019,2.2,2026-02-11 15:12:19
2022-10-13,0.83,0.83,0.836,0.827,6613952,549313016.0,1.08,-0.6,-0.005,1.39,2026-02-11 15:12:19
2022-10-14,0.838,0.845,0.85,0.835,10624483,895809937.0,1.81,1.81,0.015,2.23,2026-02-11 15:12:19
2022-10-17,0.84,0.849,0.85,0.838,6388849,540503684.0,1.42,0.47,0.004,1.34,2026-02-11 15:12:19
2022-10-18,0.853,0.845,0.854,0.844,7141806,605135041.0,1.18,-0.47,-0.004,1.5,2026-02-11 15:12:19
2022-10-19,0.844,0.837,0.847,0.836,6065776,509810088.0,1.3,-0.95,-0.008,1.27,2026-02-11 15:12:19
2022-10-20,0.833,0.84,0.852,0.832,9201519,773165659.0,2.39,0.36,0.003,1.93,2026-02-11 15:12:19
2022-10-21,0.859,0.844,0.863,0.841,11913016,1014729901.0,2.62,0.48,0.004,2.5,2026-02-11 15:12:19
2022-10-24,0.844,0.826,0.863,0.823,13767164,1163988639.0,4.74,-2.13,-0.018,2.88,2026-02-11 15:12:19
2022-10-25,0.826,0.811,0.828,0.801,12100895,983594513.0,3.27,-1.82,-0.015,2.54,2026-02-11 15:12:19
2022-10-26,0.812,0.818,0.829,0.811,10458026,856861951.0,2.22,0.86,0.007,2.19,2026-02-11 15:12:19
2022-10-27,0.818,0.822,0.833,0.817,8565234,705988920.0,1.96,0.49,0.004,1.79,2026-02-11 15:12:19
2022-10-28,0.818,0.804,0.824,0.8,11826880,961252590.0,2.92,-2.19,-0.018,2.48,2026-02-11 15:12:19
2022-10-31,0.799,0.805,0.815,0.797,9995673,804573544.0,2.24,0.12,0.001,2.09,2026-02-11 15:12:19
2022-11-01,0.806,0.83,0.83,0.805,12849654,1053684816.0,3.11,3.11,0.025,2.69,2026-02-11 15:12:19
2022-11-02,0.825,0.832,0.837,0.823,11474776,951722434.0,1.69,0.24,0.002,2.4,2026-02-11 15:12:19
2022-11-03,0.826,0.827,0.83,0.822,7203283,594888083.0,0.96,-0.6,-0.005,1.51,2026-02-11 15:12:19
2022-11-04,0.827,0.85,0.857,0.826,19469075,1643582131.0,3.75,2.78,0.023,4.08,2026-02-11 15:12:19
2022-11-07,0.844,0.848,0.854,0.843,9640857,817906038.0,1.29,-0.24,-0.002,2.02,2026-02-11 15:12:19
2022-11-08,0.849,0.845,0.852,0.841,7219024,609799800.0,1.3,-0.35,-0.003,1.51,2026-02-11 15:12:19
2022-11-09,0.845,0.842,0.849,0.841,6077573,513004728.0,0.95,-0.36,-0.003,1.27,2026-02-11 15:12:19
2022-11-10,0.839,0.848,0.852,0.836,9047886,764601011.0,1.9,0.71,0.006,1.9,2026-02-11 15:12:19
2022-11-11,0.874,0.869,0.883,0.858,21025612,1825902489.0,2.95,2.48,0.021,4.4,2026-02-11 15:12:19
2022-11-14,0.872,0.876,0.893,0.87,18992589,1672646738.0,2.65,0.81,0.007,3.98,2026-02-11 15:12:19
2022-11-15,0.87,0.908,0.918,0.87,23535260,2117510927.0,5.48,3.65,0.032,4.93,2026-02-11 15:12:19
2022-11-16,0.902,0.892,0.907,0.89,10193720,915190885.0,1.87,-1.76,-0.016,2.14,2026-02-11 15:12:19
2022-11-17,0.888,0.896,0.897,0.885,10649243,949042162.0,1.35,0.45,0.004,2.23,2026-02-11 15:12:19
2022-11-18,0.896,0.884,0.897,0.883,10585371,941395632.0,1.56,-1.34,-0.012,2.22,2026-02-11 15:12:19
2022-11-21,0.879,0.869,0.879,0.863,9891723,859068975.0,1.81,-1.7,-0.015,2.07,2026-02-11 15:12:19
2022-11-22,0.868,0.87,0.88,0.865,9614615,838636491.0,1.73,0.12,0.001,2.01,2026-02-11 15:12:19
2022-11-23,0.869,0.871,0.879,0.867,7562765,659575009.0,1.38,0.11,0.001,1.58,2026-02-11 15:12:19
2022-11-24,0.878,0.867,0.882,0.866,7400462,645576408.0,1.84,-0.46,-0.004,1.55,2026-02-11 15:12:19
2022-11-25,0.865,0.876,0.882,0.864,9733360,850842277.0,2.08,1.04,0.009,2.04,2026-02-11 15:12:19
2022-11-28,0.861,0.862,0.863,0.849,10598221,907811740.0,1.6,-1.6,-0.014,2.22,2026-02-11 15:12:19
2022-11-29,0.863,0.894,0.9,0.863,23100914,2045633379.0,4.29,3.71,0.032,4.84,2026-02-11 15:12:19
2022-11-30,0.89,0.894,0.906,0.89,10527203,944474085.0,1.79,0.0,0.0,2.21,2026-02-11 15:12:19
2022-12-01,0.91,0.897,0.929,0.897,20499697,1872255874.0,3.58,0.34,0.003,4.29,2026-02-11 15:12:19
2022-12-02,0.898,0.894,0.905,0.89,6959868,623824350.0,1.67,-0.33,-0.003,1.46,2026-02-11 15:12:19
2022-12-05,0.905,0.926,0.927,0.903,17818404,1634692917.0,2.68,3.58,0.032,3.73,2026-02-11 15:12:19
2022-12-06,0.92,0.921,0.933,0.918,9057948,837325197.0,1.62,-0.54,-0.005,1.9,2026-02-11 15:12:19
2022-12-07,0.918,0.912,0.926,0.906,14206720,1297846599.0,2.17,-0.98,-0.009,2.98,2026-02-11 15:12:19
2022-12-08,0.912,0.91,0.915,0.906,6888367,626946367.0,0.99,-0.22,-0.002,1.44,2026-02-11 15:12:19
2022-12-09,0.912,0.918,0.923,0.903,10845567,989498279.0,2.2,0.88,0.008,2.27,2026-02-11 15:12:19
2022-12-12,0.912,0.896,0.912,0.895,11624920,1047878183.0,1.85,-2.4,-0.022,2.44,2026-02-11 15:12:19
2022-12-13,0.897,0.897,0.902,0.894,6050102,542934965.0,0.89,0.11,0.001,1.27,2026-02-11 15:12:19
2022-12-14,0.899,0.903,0.908,0.894,7817121,704352849.0,1.56,0.67,0.006,1.64,2026-02-11 15:12:19
2022-12-15,0.9,0.896,0.904,0.894,7099840,636675301.0,1.11,-0.78,-0.007,1.49,2026-02-11 15:12:19
2022-12-16,0.891,0.893,0.9,0.89,8622095,770017548.0,1.12,-0.33,-0.003,1.81,2026-02-11 15:12:19
2022-12-19,0.895,0.868,0.9,0.864,12273483,1078471895.0,4.03,-2.8,-0.025,2.57,2026-02-11 15:12:19
2022-12-20,0.865,0.863,0.872,0.86,7771961,672973714.0,1.38,-0.58,-0.005,1.63,2026-02-11 15:12:19
2022-12-21,0.866,0.863,0.87,0.859,5921408,511735860.0,1.27,0.0,0.0,1.24,2026-02-11 15:12:19
2022-12-22,0.869,0.862,0.875,0.858,8132541,705272547.0,1.97,-0.12,-0.001,1.7,2026-02-11 15:12:19
2022-12-23,0.857,0.865,0.869,0.856,5879453,507584694.0,1.51,0.35,0.003,1.23,2026-02-11 15:12:19
2022-12-26,0.865,0.862,0.866,0.856,6968915,600074220.0,1.16,-0.35,-0.003,1.46,2026-02-11 15:12:19
2022-12-27,0.867,0.873,0.876,0.863,9308632,810938867.0,1.51,1.28,0.011,1.95,2026-02-11 15:12:19
2022-12-28,0.869,0.867,0.873,0.865,6382437,554107141.0,0.92,-0.69,-0.006,1.34,2026-02-11 15:12:19
2022-12-29,0.863,0.865,0.868,0.858,9962288,859915438.0,1.15,-0.23,-0.002,2.09,2026-02-11 15:12:19
2022-12-30,0.867,0.869,0.873,0.866,5592675,486002834.0,0.81,0.46,0.004,1.17,2026-02-11 15:12:19
2023-01-03,0.861,0.864,0.866,0.842,16160583,1377505857.0,2.76,-0.58,-0.005,3.39,2026-02-11 15:12:19
2023-01-04,0.861,0.866,0.871,0.861,10443106,905089795.0,1.16,0.23,0.002,2.19,2026-02-11 15:12:19
2023-01-05,0.871,0.883,0.888,0.871,13998419,1230910632.0,1.96,1.96,0.017,2.93,2026-02-11 15:12:19
2023-01-06,0.881,0.884,0.891,0.879,11751901,1039780129.0,1.36,0.11,0.001,2.46,2026-02-11 15:12:19
2023-01-09,0.887,0.899,0.909,0.887,14355724,1290592668.0,2.49,1.7,0.015,3.01,2026-02-11 15:12:19
2023-01-10,0.9,0.898,0.912,0.896,10136454,915545430.0,1.78,-0.11,-0.001,2.12,2026-02-11 15:12:19
2023-01-11,0.9,0.892,0.903,0.89,9051595,810683531.0,1.45,-0.67,-0.006,1.9,2026-02-11 15:12:19
2023-01-12,0.894,0.9,0.9,0.888,7961004,712167876.0,1.35,0.9,0.008,1.67,2026-02-11 15:12:19
2023-01-13,0.903,0.918,0.918,0.897,12982425,1179206356.0,2.33,2.0,0.018,2.72,2026-02-11 15:12:19
2023-01-16,0.921,0.947,0.968,0.918,25597883,2426676738.0,5.45,3.16,0.029,5.36,2026-02-11 15:12:19
2023-01-17,0.942,0.959,0.96,0.94,17470809,1662339368.0,2.11,1.27,0.012,3.66,2026-02-11 15:12:19
2023-01-18,0.957,0.955,0.965,0.954,8519529,815777268.0,1.15,-0.42,-0.004,1.78,2026-02-11 15:12:19
2023-01-19,0.951,0.975,0.976,0.95,11937831,1151367559.0,2.72,2.09,0.02,2.5,2026-02-11 15:12:19
2023-01-20,0.977,0.969,0.977,0.96,11870103,1147974610.0,1.74,-0.62,-0.006,2.49,2026-02-11 15:12:19
2023-01-30,0.985,0.961,0.99,0.96,18017773,1747317535.0,3.1,-0.83,-0.008,3.77,2026-02-11 15:12:19
2023-01-31,0.96,0.956,0.968,0.949,12234593,1169925808.0,1.98,-0.52,-0.005,2.56,2026-02-11 15:12:19
2023-02-01,0.957,0.981,0.982,0.954,14475003,1397044432.0,2.93,2.62,0.025,3.03,2026-02-11 15:12:19
2023-02-02,0.995,0.961,0.997,0.959,20989647,2034991984.0,3.87,-2.04,-0.02,4.4,2026-02-11 15:12:19
2023-02-03,0.951,0.953,0.96,0.943,14160549,1347737713.0,1.77,-0.83,-0.008,2.97,2026-02-11 15:12:19
2023-02-06,0.945,0.935,0.946,0.934,10475216,983236825.0,1.26,-1.89,-0.018,2.19,2026-02-11 15:12:19
2023-02-07,0.939,0.938,0.942,0.933,7275062,682297473.0,0.96,0.32,0.003,1.52,2026-02-11 15:12:19
2023-02-08,0.94,0.929,0.941,0.928,7737041,722581441.0,1.39,-0.96,-0.009,1.62,2026-02-11 15:12:19
2023-02-09,0.929,0.944,0.945,0.927,11033527,1036049835.0,1.94,1.61,0.015,2.31,2026-02-11 15:12:19
2023-02-10,0.941,0.936,0.944,0.933,7960067,746472039.0,1.17,-0.85,-0.008,1.67,2026-02-11 15:12:19
2023-02-13,0.933,0.942,0.943,0.93,10014391,939608810.0,1.39,0.64,0.006,2.1,2026-02-11 15:12:19
2023-02-14,0.943,0.94,0.944,0.934,6882874,646023592.0,1.06,-0.21,-0.002,1.44,2026-02-11 15:12:19
2023-02-15,0.938,0.931,0.94,0.93,7424131,692819621.0,1.06,-0.96,-0.009,1.56,2026-02-11 15:12:19
2023-02-16,0.932,0.926,0.949,0.918,17538624,1645101983.0,3.33,-0.54,-0.005,3.67,2026-02-11 15:12:19
2023-02-17,0.923,0.909,0.927,0.908,10971164,1005797961.0,2.05,-1.84,-0.017,2.3,2026-02-11 15:12:19
2023-02-20,0.919,0.946,0.947,0.915,19142294,1783400373.0,3.52,4.07,0.037,4.01,2026-02-11 15:12:19
2023-02-21,0.942,0.948,0.95,0.939,10464925,988721297.0,1.16,0.21,0.002,2.19,2026-02-11 15:12:19
2023-02-22,0.943,0.939,0.951,0.936,9885412,932085010.0,1.58,-0.95,-0.009,2.07,2026-02-11 15:12:19
2023-02-23,0.939,0.947,0.956,0.939,11672531,1107327187.0,1.81,0.85,0.008,2.45,2026-02-11 15:12:19
2023-02-24,0.946,0.931,0.947,0.928,10175315,950923832.0,2.01,-1.69,-0.016,2.13,2026-02-11 15:12:19
2023-02-27,0.923,0.919,0.926,0.917,7097779,653805415.0,0.97,-1.29,-0.012,1.49,2026-02-11 15:12:19
2023-02-28,0.923,0.927,0.928,0.917,7119501,657300869.0,1.2,0.87,0.008,1.49,2026-02-11 15:12:19
2023-03-01,0.927,0.94,0.943,0.924,11458740,1072633378.0,2.05,1.4,0.013,2.4,2026-02-11 15:12:19
2023-03-02,0.938,0.937,0.942,0.935,6794921,637081856.0,0.74,-0.32,-0.003,1.42,2026-02-11 15:12:19
2023-03-03,0.94,0.944,0.947,0.933,9819292,924055917.0,1.49,0.75,0.007,2.06,2026-02-11 15:12:19
2023-03-06,0.944,0.93,0.945,0.929,10233397,956341521.0,1.69,-1.48,-0.014,2.14,2026-02-11 15:12:19
2023-03-07,0.928,0.914,0.938,0.913,12854408,1190548749.0,2.69,-1.72,-0.016,2.69,2026-02-11 15:12:19
2023-03-08,0.911,0.913,0.913,0.908,7155005,651602104.0,0.55,-0.11,-0.001,1.5,2026-02-11 15:12:19
2023-03-09,0.913,0.908,0.915,0.906,6277605,571258099.0,0.99,-0.55,-0.005,1.32,2026-02-11 15:12:19
2023-03-10,0.903,0.896,0.906,0.896,8767957,789163109.0,1.1,-1.32,-0.012,1.84,2026-02-11 15:12:19
2023-03-13,0.896,0.9,0.903,0.892,6676955,599366104.0,1.23,0.45,0.004,1.4,2026-02-11 15:12:19
2023-03-14,0.898,0.891,0.899,0.882,8468060,754253173.0,1.89,-1.0,-0.009,1.77,2026-02-11 15:12:19
2023-03-15,0.898,0.896,0.903,0.895,7235720,650828171.0,0.9,0.56,0.005,1.52,2026-02-11 15:12:19
2023-03-16,0.891,0.89,0.897,0.888,6281459,560586073.0,1.0,-0.67,-0.006,1.32,2026-02-11 15:12:19
2023-03-17,0.897,0.905,0.914,0.897,12141005,1099166292.0,1.91,1.69,0.015,2.54,2026-02-11 15:12:19
2023-03-20,0.904,0.895,0.911,0.894,8849883,797930249.0,1.88,-1.1,-0.01,1.85,2026-02-11 15:12:19
2023-03-21,0.899,0.903,0.905,0.896,7278756,655820159.0,1.01,0.89,0.008,1.52,2026-02-11 15:12:19
2023-03-22,0.904,0.898,0.907,0.893,10293233,925423514.0,1.55,-0.55,-0.005,2.16,2026-02-11 15:12:19
2023-03-23,0.893,0.909,0.909,0.892,10665438,962398506.0,1.89,1.22,0.011,2.23,2026-02-11 15:12:19
2023-03-24,0.909,0.911,0.916,0.906,8751912,797572910.0,1.1,0.22,0.002,1.83,2026-02-11 15:12:19
2023-03-27,0.911,0.916,0.919,0.906,9969969,910337011.0,1.43,0.55,0.005,2.09,2026-02-11 15:12:19
2023-03-28,0.913,0.906,0.916,0.905,7007504,636479210.0,1.2,-1.09,-0.01,1.47,2026-02-11 15:12:19
2023-03-29,0.909,0.901,0.91,0.897,8069409,727788915.0,1.43,-0.55,-0.005,1.69,2026-02-11 15:12:19
2023-03-30,0.901,0.906,0.909,0.89,10912176,981833007.0,2.11,0.55,0.005,2.29,2026-02-11 15:12:19
2023-03-31,0.905,0.905,0.909,0.902,8096676,732869592.0,0.77,-0.11,-0.001,1.7,2026-02-11 15:12:19
2023-04-03,0.905,0.942,0.943,0.903,27625429,2565941760.0,4.42,4.09,0.037,5.79,2026-02-11 15:12:19
2023-04-04,0.942,0.946,0.951,0.94,14265382,1349156951.0,1.17,0.42,0.004,2.99,2026-02-11 15:12:19
2023-04-06,0.943,0.939,0.946,0.934,9983023,937697099.0,1.27,-0.74,-0.007,2.09,2026-02-11 15:12:19
2023-04-07,0.94,0.949,0.953,0.936,14201664,1344020526.0,1.81,1.06,0.01,2.98,2026-02-11 15:12:19
2023-04-10,0.958,0.939,0.962,0.938,16436816,1561792842.0,2.53,-1.05,-0.01,3.44,2026-02-11 15:12:19
2023-04-11,0.946,0.949,0.964,0.945,13675948,1303748815.0,2.02,1.06,0.01,2.87,2026-02-11 15:12:19
2023-04-12,0.95,0.952,0.959,0.945,9770636,929219520.0,1.48,0.32,0.003,2.05,2026-02-11 15:12:19
2023-04-13,0.947,0.94,0.948,0.937,11352440,1069821864.0,1.16,-1.26,-0.012,2.38,2026-02-11 15:12:19
2023-04-14,0.942,0.941,0.945,0.934,10998628,1033636156.0,1.17,0.11,0.001,2.3,2026-02-11 15:12:19
2023-04-17,0.941,0.967,0.968,0.94,20073139,1925078992.0,2.98,2.76,0.026,4.21,2026-02-11 15:12:19
2023-04-18,0.966,0.962,0.974,0.958,12977650,1251135727.0,1.65,-0.52,-0.005,2.72,2026-02-11 15:12:19
2023-04-19,0.959,0.947,0.96,0.945,12883287,1226462949.0,1.56,-1.56,-0.015,2.7,2026-02-11 15:12:19
2023-04-20,0.945,0.951,0.951,0.94,10359478,979319764.0,1.16,0.42,0.004,2.17,2026-02-11 15:12:19
2023-04-21,0.95,0.916,0.951,0.913,16628775,1546439220.0,4.0,-3.68,-0.035,3.48,2026-02-11 15:12:19
2023-04-24,0.911,0.9,0.916,0.895,13076761,1183193470.0,2.29,-1.75,-0.016,2.74,2026-02-11 15:12:19
2023-04-25,0.902,0.904,0.91,0.894,11719300,1056005945.0,1.78,0.44,0.004,2.46,2026-02-11 15:12:19
2023-04-26,0.9,0.902,0.905,0.896,7781711,700825202.0,1.0,-0.22,-0.002,1.63,2026-02-11 15:12:19
2023-04-27,0.9,0.908,0.911,0.896,11426659,1032665864.0,1.66,0.67,0.006,2.39,2026-02-11 15:12:19
2023-04-28,0.912,0.928,0.935,0.907,15866300,1465368779.0,3.08,2.2,0.02,3.32,2026-02-11 15:12:19
2023-05-04,0.922,0.939,0.941,0.918,11274649,1051274128.0,2.48,1.19,0.011,2.36,2026-02-11 15:12:19
2023-05-05,0.939,0.953,0.972,0.939,21870580,2099344296.0,3.51,1.49,0.014,4.58,2026-02-11 15:12:19
2023-05-08,0.951,0.972,0.983,0.944,18716995,1808500222.0,4.09,1.99,0.019,3.92,2026-02-11 15:12:19
2023-05-09,0.976,0.983,1.027,0.971,35782528,3581015793.0,5.76,1.13,0.011,7.5,2026-02-11 15:12:19
2023-05-10,0.973,0.955,0.981,0.952,14233787,1372328799.0,2.95,-2.85,-0.028,2.98,2026-02-11 15:12:19
2023-05-11,0.958,0.954,0.966,0.953,7892655,756727335.0,1.36,-0.1,-0.001,1.65,2026-02-11 15:12:19
2023-05-12,0.954,0.941,0.958,0.94,8417459,797699952.0,1.89,-1.36,-0.013,1.76,2026-02-11 15:12:19
2023-05-15,0.941,0.955,0.958,0.922,15017041,1407256226.0,3.83,1.49,0.014,3.15,2026-02-11 15:12:19
2023-05-16,0.954,0.946,0.965,0.944,9699237,925253803.0,2.2,-0.94,-0.009,2.03,2026-02-11 15:12:19
2023-05-17,0.945,0.944,0.952,0.941,6730117,635980825.0,1.16,-0.21,-0.002,1.41,2026-02-11 15:12:19
2023-05-18,0.946,0.941,0.952,0.938,7958939,751716964.0,1.48,-0.32,-0.003,1.67,2026-02-11 15:12:19
2023-05-19,0.938,0.928,0.939,0.926,9427325,876872732.0,1.38,-1.38,-0.013,1.98,2026-02-11 15:12:19
2023-05-22,0.926,0.926,0.931,0.922,7622348,705398024.0,0.97,-0.22,-0.002,1.6,2026-02-11 15:12:19
2023-05-23,0.927,0.913,0.928,0.912,10697805,982423025.0,1.73,-1.4,-0.013,2.24,2026-02-11 15:12:19
2023-05-24,0.91,0.899,0.911,0.898,14805204,1339027035.0,1.42,-1.53,-0.014,3.1,2026-02-11 15:12:19
2023-05-25,0.896,0.901,0.901,0.889,13091425,1172521244.0,1.33,0.22,0.002,2.74,2026-02-11 15:12:19
2023-05-26,0.898,0.903,0.905,0.894,9868889,887579667.0,1.22,0.22,0.002,2.07,2026-02-11 15:12:19
2023-05-29,0.905,0.894,0.905,0.893,9222031,828375618.0,1.33,-1.0,-0.009,1.93,2026-02-11 15:12:19
2023-05-30,0.894,0.897,0.898,0.885,10787410,961882985.0,1.45,0.34,0.003,2.26,2026-02-11 15:12:19
2023-05-31,0.895,0.891,0.896,0.888,8413923,750564030.0,0.89,-0.67,-0.006,1.76,2026-02-11 15:12:19
2023-06-01,0.891,0.893,0.902,0.888,9882856,885247559.0,1.57,0.22,0.002,2.07,2026-02-11 15:12:19
2023-06-02,0.896,0.899,0.9,0.894,10453608,938832196.0,0.67,0.67,0.006,2.19,2026-02-11 15:12:19
2023-06-05,0.899,0.894,0.901,0.892,7700159,689967275.0,1.0,-0.56,-0.005,1.61,2026-02-11 15:12:19
2023-06-06,0.893,0.882,0.899,0.881,11692974,1041109440.0,2.01,-1.34,-0.012,2.45,2026-02-11 15:12:19
2023-06-07,0.882,0.883,0.891,0.881,7717747,683026943.0,1.13,0.11,0.001,1.62,2026-02-11 15:12:19
2023-06-08,0.883,0.894,0.897,0.878,12008653,1066817340.0,2.15,1.25,0.011,2.52,2026-02-11 15:12:19
2023-06-09,0.893,0.892,0.894,0.888,7887091,702725497.0,0.67,-0.22,-0.002,1.65,2026-02-11 15:12:19
2023-06-12,0.889,0.883,0.89,0.88,9085246,802719964.0,1.12,-1.01,-0.009,1.9,2026-02-11 15:12:19
2023-06-13,0.882,0.888,0.888,0.881,7855191,695612303.0,0.79,0.57,0.005,1.65,2026-02-11 15:12:19
2023-06-14,0.889,0.889,0.9,0.888,9502959,848751505.0,1.35,0.11,0.001,1.99,2026-02-11 15:12:19
2023-06-15,0.89,0.902,0.903,0.888,14700182,1318405245.0,1.69,1.46,0.013,3.08,2026-02-11 15:12:19
2023-06-16,0.903,0.906,0.908,0.898,13398538,1210309458.0,1.11,0.44,0.004,2.81,2026-02-11 15:12:19
2023-06-19,0.905,0.898,0.905,0.897,8568794,771069617.0,0.88,-0.88,-0.008,1.8,2026-02-11 15:12:19
2023-06-20,0.897,0.895,0.901,0.895,8612430,772905432.0,0.67,-0.33,-0.003,1.8,2026-02-11 15:12:19
2023-06-21,0.894,0.879,0.896,0.878,11957626,1059379297.0,2.01,-1.79,-0.016,2.51,2026-02-11 15:12:19
2023-06-26,0.872,0.858,0.873,0.858,12384338,1070012116.0,1.71,-2.39,-0.021,2.59,2026-02-11 15:12:19
2023-06-27,0.86,0.866,0.868,0.859,6605244,570703596.0,1.05,0.93,0.008,1.38,2026-02-11 15:12:19
2023-06-28,0.865,0.866,0.868,0.859,7258241,626826817.0,1.04,0.0,0.0,1.52,2026-02-11 15:12:19
2023-06-29,0.864,0.863,0.869,0.861,7413060,640544019.0,0.92,-0.35,-0.003,1.55,2026-02-11 15:12:19
2023-06-30,0.862,0.879,0.882,0.862,10843450,948483264.0,2.32,1.85,0.016,2.27,2026-02-11 15:12:19
2023-07-03,0.879,0.891,0.895,0.879,10029283,890177496.0,1.82,1.37,0.012,2.1,2026-02-11 15:12:19
2023-07-04,0.89,0.891,0.895,0.886,6447604,574167946.0,1.01,0.0,0.0,1.35,2026-02-11 15:12:19
2023-07-05,0.89,0.885,0.892,0.885,4780639,424321881.0,0.79,-0.67,-0.006,1.0,2026-02-11 15:12:19
2023-07-06,0.884,0.885,0.89,0.881,5539954,490094319.0,1.02,0.0,0.0,1.16,2026-02-11 15:12:19
2023-07-07,0.881,0.89,0.894,0.88,8294626,736490547.0,1.58,0.56,0.005,1.74,2026-02-11 15:12:19
2023-07-10,0.894,0.89,0.897,0.887,6537968,583107304.0,1.12,0.0,0.0,1.37,2026-02-11 15:12:19
2023-07-11,0.893,0.895,0.896,0.89,6093515,544343956.0,0.67,0.56,0.005,1.28,2026-02-11 15:12:19
2023-07-12,0.895,0.889,0.899,0.886,6839558,610140933.0,1.45,-0.67,-0.006,1.43,2026-02-11 15:12:19
2023-07-13,0.892,0.903,0.905,0.892,12149069,1095335318.0,1.46,1.57,0.014,2.55,2026-02-11 15:12:19
2023-07-14,0.904,0.901,0.905,0.9,5773500,520865215.0,0.55,-0.22,-0.002,1.21,2026-02-11 15:12:19
2023-07-17,0.9,0.896,0.9,0.893,6223946,557610643.0,0.78,-0.55,-0.005,1.3,2026-02-11 15:12:19
2023-07-18,0.898,0.899,0.902,0.895,4954626,445243556.0,0.78,0.33,0.003,1.04,2026-02-11 15:12:19
2023-07-19,0.897,0.904,0.905,0.896,9103887,820200414.0,1.0,0.56,0.005,1.91,2026-02-11 15:12:19
2023-07-20,0.907,0.896,0.909,0.896,7602016,686970025.0,1.44,-0.88,-0.008,1.59,2026-02-11 15:12:19
2023-07-21,0.894,0.899,0.904,0.894,6834631,614686575.0,1.12,0.33,0.003,1.43,2026-02-11 15:12:19
2023-07-24,0.895,0.898,0.903,0.893,6201595,556926716.0,1.11,-0.11,-0.001,1.3,2026-02-11 15:12:19
2023-07-25,0.929,0.949,0.952,0.922,33419239,3125045902.0,3.34,5.68,0.051,7.0,2026-02-11 15:12:19
2023-07-26,0.942,0.946,0.949,0.935,12803762,1206936556.0,1.48,-0.32,-0.003,2.68,2026-02-11 15:12:19
2023-07-27,0.944,0.936,0.95,0.935,10267962,966883731.0,1.59,-1.06,-0.01,2.15,2026-02-11 15:12:19
2023-07-28,0.933,1.017,1.018,0.932,41964404,4133506835.0,9.19,8.65,0.081,8.79,2026-02-11 15:12:19
2023-07-31,1.026,1.013,1.045,1.011,34262048,3523649483.0,3.34,-0.39,-0.004,7.18,2026-02-11 15:12:19
2023-08-01,1.001,1.011,1.032,1.001,23177387,2353033750.0,3.06,-0.2,-0.002,4.86,2026-02-11 15:12:19
2023-08-02,1.006,1.018,1.039,1.005,18115173,1852062624.0,3.36,0.69,0.007,3.8,2026-02-11 15:12:19
2023-08-03,1.027,1.054,1.059,1.008,28004121,2907133770.0,5.01,3.54,0.036,5.87,2026-02-11 15:12:19
2023-08-04,1.08,1.063,1.113,1.059,44022300,4764738037.0,5.12,0.85,0.009,9.22,2026-02-11 15:12:19
2023-08-07,1.041,1.066,1.067,1.04,18884437,1991189742.0,2.54,0.28,0.003,3.96,2026-02-11 15:12:19
2023-08-08,1.056,1.059,1.081,1.027,21496219,2267948212.0,5.07,-0.66,-0.007,4.5,2026-02-11 15:12:19
2023-08-09,1.047,1.053,1.066,1.047,12783633,1349670499.0,1.79,-0.57,-0.006,2.68,2026-02-11 15:12:19
2023-08-10,1.053,1.074,1.075,1.05,18583486,1973236817.0,2.37,1.99,0.021,3.89,2026-02-11 15:12:19
2023-08-11,1.066,1.027,1.066,1.026,29640146,3090182916.0,3.72,-4.38,-0.047,6.21,2026-02-11 15:12:19
2023-08-14,1.006,1.017,1.033,1.005,18198328,1852987834.0,2.73,-0.97,-0.01,3.81,2026-02-11 15:12:19
2023-08-15,1.011,1.036,1.037,1.011,17728647,1818754759.0,2.56,1.87,0.019,3.71,2026-02-11 15:12:19
2023-08-16,1.024,1.038,1.064,1.013,19672954,2046001727.0,4.92,0.19,0.002,4.12,2026-02-11 15:12:19
2023-08-17,1.028,1.038,1.045,1.019,15952412,1646860233.0,2.5,0.0,0.0,3.34,2026-02-11 15:12:19
2023-08-18,1.038,1.021,1.053,1.02,12481984,1292544737.0,3.18,-1.64,-0.017,2.61,2026-02-11 15:12:19
2023-08-21,1.01,0.985,1.019,0.984,18791413,1876326590.0,3.43,-3.53,-0.036,3.94,2026-02-11 15:12:19
2023-08-22,0.989,1.004,1.01,0.983,20445272,2033985773.0,2.74,1.93,0.019,4.28,2026-02-11 15:12:19
2023-08-23,0.995,0.977,0.996,0.976,10954544,1080360527.0,1.99,-2.69,-0.027,2.29,2026-02-11 15:12:19
2023-08-24,0.983,0.992,1.009,0.983,16833964,1672052091.0,2.66,1.54,0.015,3.53,2026-02-11 15:12:19
2023-08-25,0.988,0.998,1.006,0.987,13296699,1327355157.0,1.92,0.6,0.006,2.79,2026-02-11 15:12:19
2023-08-28,1.098,1.023,1.098,1.018,42835477,4563548260.0,8.02,2.51,0.025,8.97,2026-02-11 15:12:19
2023-08-29,1.011,1.016,1.025,0.987,28905848,2910176323.0,3.71,-0.68,-0.007,6.06,2026-02-11 15:12:19
2023-08-30,1.008,0.987,1.008,0.985,18745028,1865023964.0,2.26,-2.85,-0.029,3.93,2026-02-11 15:12:19
2023-08-31,0.986,0.968,0.991,0.966,14150415,1380494209.0,2.53,-1.93,-0.019,2.96,2026-02-11 15:12:19
2023-09-01,0.975,0.969,0.98,0.966,11624834,1130188786.0,1.45,0.1,0.001,2.44,2026-02-11 15:12:19
2023-09-04,0.973,0.976,0.981,0.965,11446763,1115838900.0,1.65,0.72,0.007,2.4,2026-02-11 15:12:19
2023-09-05,0.973,0.967,0.974,0.963,9269582,896221364.0,1.13,-0.92,-0.009,1.94,2026-02-11 15:12:19
2023-09-06,0.962,0.964,0.967,0.957,9282806,892537521.0,1.03,-0.31,-0.003,1.94,2026-02-11 15:12:19
2023-09-07,0.963,0.959,0.97,0.956,11989431,1154161790.0,1.45,-0.52,-0.005,2.51,2026-02-11 15:12:19
2023-09-08,0.956,0.964,0.967,0.95,10710089,1026706261.0,1.77,0.52,0.005,2.24,2026-02-11 15:12:19
2023-09-11,0.964,0.979,0.985,0.958,14740304,1434172438.0,2.8,1.56,0.015,3.09,2026-02-11 15:12:19
2023-09-12,0.973,0.968,0.977,0.967,8003182,777476432.0,1.02,-1.12,-0.011,1.68,2026-02-11 15:12:19
2023-09-13,0.966,0.957,0.969,0.953,8944025,857847376.0,1.65,-1.14,-0.011,1.87,2026-02-11 15:12:19
2023-09-14,0.958,0.961,0.965,0.955,7752741,743670634.0,1.04,0.42,0.004,1.62,2026-02-11 15:12:19
2023-09-15,0.965,0.957,0.967,0.951,8854316,848961546.0,1.66,-0.42,-0.004,1.85,2026-02-11 15:12:19
2023-09-18,0.951,0.955,0.958,0.946,6607945,630007039.0,1.25,-0.21,-0.002,1.38,2026-02-11 15:12:19
2023-09-19,0.955,0.956,0.961,0.952,8694019,831443568.0,0.94,0.1,0.001,1.82,2026-02-11 15:12:19
2023-09-20,0.954,0.952,0.959,0.95,5088258,486108758.0,0.94,-0.42,-0.004,1.07,2026-02-11 15:12:19
2023-09-21,0.951,0.945,0.959,0.945,7407545,704115276.0,1.47,-0.74,-0.007,1.55,2026-02-11 15:12:19
2023-09-22,0.943,0.974,0.975,0.942,15370818,1479129260.0,3.49,3.07,0.029,3.22,2026-02-11 15:12:19
2023-09-25,0.969,0.95,0.969,0.95,10467122,999412358.0,1.95,-2.46,-0.024,2.19,2026-02-11 15:12:19
2023-09-26,0.949,0.952,0.956,0.948,4960061,472467408.0,0.84,0.21,0.002,1.04,2026-02-11 15:12:19
2023-09-27,0.951,0.953,0.956,0.949,7771093,740733614.0,0.74,0.11,0.001,1.63,2026-02-11 15:12:19
2023-09-28,0.955,0.947,0.957,0.945,8231159,779883296.0,1.26,-0.63,-0.006,1.72,2026-02-11 15:12:19
2023-10-09,0.941,0.935,0.941,0.925,9797316,913680617.0,1.69,-1.27,-0.012,2.05,2026-02-11 15:12:19
2023-10-10,0.939,0.932,0.943,0.932,5236903,490510775.0,1.18,-0.32,-0.003,1.1,2026-02-11 15:12:19
2023-10-11,0.936,0.93,0.94,0.928,7037779,657177330.0,1.29,-0.21,-0.002,1.47,2026-02-11 15:12:19
2023-10-12,0.944,0.941,0.946,0.937,7774187,731441741.0,0.97,1.18,0.011,1.63,2026-02-11 15:12:19
2023-10-13,0.932,0.931,0.935,0.929,6109890,569286608.0,0.64,-1.06,-0.01,1.28,2026-02-11 15:12:19
2023-10-16,0.93,0.929,0.935,0.924,7552584,701900085.0,1.18,-0.21,-0.002,1.58,2026-02-11 15:12:19
2023-10-17,0.931,0.942,0.95,0.927,10985767,1032843899.0,2.48,1.4,0.013,2.3,2026-02-11 15:12:19
2023-10-18,0.938,0.941,0.946,0.936,7127569,671248790.0,1.06,-0.11,-0.001,1.49,2026-02-11 15:12:19
2023-10-19,0.936,0.935,0.951,0.934,11174957,1052097658.0,1.81,-0.64,-0.006,2.34,2026-02-11 15:12:19
2023-10-20,0.93,0.938,0.943,0.929,9833342,921433033.0,1.5,0.32,0.003,2.06,2026-02-11 15:12:19
2023-10-23,0.934,0.914,0.934,0.911,12497643,1148746459.0,2.45,-2.56,-0.024,2.62,2026-02-11 15:12:19
2023-10-24,0.919,0.945,0.948,0.917,14872599,1388155061.0,3.39,3.39,0.031,3.12,2026-02-11 15:12:19
2023-10-25,0.958,0.944,0.958,0.942,15044626,1426270861.0,1.69,-0.11,-0.001,3.15,2026-02-11 15:12:19
2023-10-26,0.935,0.943,0.945,0.933,8599703,808103540.0,1.27,-0.11,-0.001,1.8,2026-02-11 15:12:19
2023-10-27,0.939,0.947,0.951,0.933,13457725,1268552667.0,1.91,0.42,0.004,2.82,2026-02-11 15:12:19
2023-10-30,0.942,0.943,0.945,0.934,13680224,1285460816.0,1.16,-0.42,-0.004,2.87,2026-02-11 15:12:19
2023-10-31,0.941,0.945,0.949,0.939,10370124,978953891.0,1.06,0.21,0.002,2.17,2026-02-11 15:12:19
2023-11-01,0.951,0.942,0.953,0.941,9041733,854485233.0,1.27,-0.32,-0.003,1.89,2026-02-11 15:12:19
2023-11-02,0.943,0.935,0.949,0.934,9217271,867502170.0,1.59,-0.74,-0.007,1.93,2026-02-11 15:12:19
2023-11-03,0.937,0.946,0.949,0.935,9998001,943225713.0,1.5,1.18,0.011,2.09,2026-02-11 15:12:19
2023-11-06,0.972,0.984,0.987,0.962,25443908,2481472896.0,2.64,4.02,0.038,5.33,2026-02-11 15:12:19
2023-11-07,0.978,0.987,0.992,0.975,14373768,1418646039.0,1.73,0.3,0.003,3.01,2026-02-11 15:12:19
2023-11-08,0.984,0.979,0.99,0.97,12020524,1176450326.0,2.03,-0.81,-0.008,2.52,2026-02-11 15:12:19
2023-11-09,0.975,0.975,0.979,0.97,9867933,961231599.0,0.92,-0.41,-0.004,2.07,2026-02-11 15:12:19
2023-11-10,0.968,0.975,0.98,0.968,11915860,1162521579.0,1.23,0.0,0.0,2.5,2026-02-11 15:12:19
2023-11-13,0.975,0.97,0.976,0.966,8861324,858562516.0,1.03,-0.51,-0.005,1.86,2026-02-11 15:12:19
2023-11-14,0.97,0.983,0.997,0.969,17982216,1767687327.0,2.89,1.34,0.013,3.77,2026-02-11 15:12:19
2023-11-15,0.993,0.984,0.998,0.982,13764198,1360955805.0,1.63,0.1,0.001,2.88,2026-02-11 15:12:19
2023-11-16,0.982,0.975,0.989,0.974,8361133,820641685.0,1.52,-0.91,-0.009,1.75,2026-02-11 15:12:19
2023-11-17,0.973,0.979,0.981,0.972,7708905,752614040.0,0.92,0.41,0.004,1.61,2026-02-11 15:12:19
2023-11-20,0.979,0.975,0.979,0.963,9832249,953955165.0,1.63,-0.41,-0.004,2.06,2026-02-11 15:12:19
2023-11-21,0.977,0.973,0.991,0.972,11677105,1146142750.0,1.95,-0.21,-0.002,2.45,2026-02-11 15:12:19
2023-11-22,0.97,0.964,0.975,0.963,7677663,743463846.0,1.23,-0.92,-0.009,1.61,2026-02-11 15:12:19
2023-11-23,0.964,0.967,0.967,0.957,8023117,772068409.0,1.04,0.31,0.003,1.68,2026-02-11 15:12:19
2023-11-24,0.965,0.957,0.965,0.954,6975188,668571615.0,1.14,-1.03,-0.01,1.46,2026-02-11 15:12:19
2023-11-27,0.952,0.946,0.953,0.941,8769623,828608799.0,1.25,-1.15,-0.011,1.84,2026-02-11 15:12:19
2023-11-28,0.946,0.945,0.949,0.94,5953929,562496129.0,0.95,-0.11,-0.001,1.25,2026-02-11 15:12:19
2023-11-29,0.946,0.936,0.947,0.933,7830146,734869661.0,1.48,-0.95,-0.009,1.64,2026-02-11 15:12:19
2023-11-30,0.936,0.938,0.942,0.934,7897648,740927435.0,0.85,0.21,0.002,1.65,2026-02-11 15:12:19
2023-12-01,0.938,0.945,0.945,0.935,8984294,844874212.0,1.07,0.75,0.007,1.88,2026-02-11 15:12:19
2023-12-04,0.944,0.942,0.949,0.941,8236480,778022229.0,0.85,-0.32,-0.003,1.73,2026-02-11 15:12:19
2023-12-05,0.94,0.93,0.944,0.929,9950026,932032180.0,1.59,-1.27,-0.012,2.08,2026-02-11 15:12:19
2023-12-06,0.929,0.927,0.933,0.925,8106211,752812793.0,0.86,-0.32,-0.003,1.7,2026-02-11 15:12:19
2023-12-07,0.925,0.932,0.934,0.922,7959584,739633360.0,1.29,0.54,0.005,1.67,2026-02-11 15:12:19
2023-12-08,0.931,0.925,0.934,0.925,12143589,1128253792.0,0.97,-0.75,-0.007,2.54,2026-02-11 15:12:19
2023-12-11,0.921,0.94,0.943,0.911,14387009,1333203868.0,3.46,1.62,0.015,3.01,2026-02-11 15:12:19
2023-12-12,0.936,0.936,0.941,0.934,7210857,675578043.0,0.74,-0.43,-0.004,1.51,2026-02-11 15:12:19
2023-12-13,0.936,0.925,0.936,0.924,7214297,670719151.0,1.28,-1.18,-0.011,1.51,2026-02-11 15:12:19
2023-12-14,0.931,0.921,0.932,0.92,7703912,713159887.0,1.3,-0.43,-0.004,1.61,2026-02-11 15:12:19
2023-12-15,0.925,0.921,0.933,0.919,9404623,869726776.0,1.52,0.0,0.0,1.97,2026-02-11 15:12:19
2023-12-18,0.921,0.92,0.929,0.916,8587925,791894114.0,1.41,-0.11,-0.001,1.8,2026-02-11 15:12:19
2023-12-19,0.919,0.918,0.923,0.91,10028774,920012368.0,1.41,-0.22,-0.002,2.1,2026-02-11 15:12:19
2023-12-20,0.917,0.893,0.918,0.892,14767552,1332833794.0,2.83,-2.72,-0.025,3.09,2026-02-11 15:12:19
2023-12-21,0.889,0.893,0.897,0.885,9451474,842653526.0,1.34,0.0,0.0,1.98,2026-02-11 15:12:19
2023-12-22,0.892,0.89,0.897,0.885,9405533,837703462.0,1.34,-0.34,-0.003,1.97,2026-02-11 15:12:19
2023-12-25,0.889,0.885,0.89,0.882,5574692,493414589.0,0.9,-0.56,-0.005,1.17,2026-02-11 15:12:19
2023-12-26,0.885,0.874,0.885,0.872,7603462,666743114.0,1.47,-1.24,-0.011,1.59,2026-02-11 15:12:19
2023-12-27,0.875,0.882,0.887,0.866,11239608,986214983.0,2.4,0.92,0.008,2.35,2026-02-11 15:12:19
2023-12-28,0.878,0.902,0.906,0.877,15116270,1352515770.0,3.29,2.27,0.02,3.17,2026-02-11 15:12:19
2023-12-29,0.9,0.902,0.906,0.898,9574963,863488999.0,0.89,0.0,0.0,2.01,2026-02-11 15:12:19
2024-01-02,0.901,0.891,0.902,0.89,7020922,628027345.0,1.33,-1.22,-0.011,1.47,2026-02-11 15:12:19
2024-01-03,0.889,0.892,0.896,0.887,7709609,687244285.0,1.01,0.11,0.001,1.62,2026-02-11 15:12:19
2024-01-04,0.891,0.884,0.891,0.877,10303830,909063930.0,1.57,-0.9,-0.008,2.16,2026-02-11 15:12:19
2024-01-05,0.882,0.877,0.891,0.872,9123060,805473867.0,2.15,-0.79,-0.007,1.91,2026-02-11 15:12:19
2024-01-08,0.873,0.86,0.876,0.86,8333019,721630284.0,1.82,-1.94,-0.017,1.75,2026-02-11 15:12:19
2024-01-09,0.862,0.858,0.866,0.852,7581854,652016817.0,1.63,-0.23,-0.002,1.59,2026-02-11 15:12:19
2024-01-10,0.855,0.854,0.863,0.849,6935303,593389992.0,1.63,-0.47,-0.004,1.45,2026-02-11 15:12:19
2024-01-11,0.853,0.862,0.865,0.851,7731194,663825690.0,1.64,0.94,0.008,1.62,2026-02-11 15:12:19
2024-01-12,0.859,0.853,0.866,0.853,6788075,583351597.0,1.51,-1.04,-0.009,1.42,2026-02-11 15:12:19
2024-01-15,0.849,0.852,0.861,0.847,6186586,527870414.0,1.64,-0.12,-0.001,1.3,2026-02-11 15:12:19
2024-01-16,0.85,0.863,0.864,0.846,9964753,851511369.0,2.11,1.29,0.011,2.09,2026-02-11 15:12:19
2024-01-17,0.859,0.847,0.859,0.846,9140900,780706532.0,1.51,-1.85,-0.016,1.91,2026-02-11 15:12:19
2024-01-18,0.841,0.855,0.857,0.827,16085893,1348863496.0,3.54,0.94,0.008,3.37,2026-02-11 15:12:19
2024-01-19,0.849,0.846,0.852,0.843,9623904,815880411.0,1.05,-1.05,-0.009,2.02,2026-02-11 15:12:19
2024-01-22,0.845,0.828,0.852,0.821,12474776,1050574463.0,3.66,-2.13,-0.018,2.61,2026-02-11 15:12:19
2024-01-23,0.826,0.845,0.853,0.82,14498178,1216343438.0,3.99,2.05,0.017,3.04,2026-02-11 15:12:19
2024-01-24,0.849,0.887,0.889,0.837,22174463,1909663392.0,6.15,4.97,0.042,4.65,2026-02-11 15:12:19
2024-01-25,0.873,0.89,0.899,0.87,21256256,1880441233.0,3.27,0.34,0.003,4.45,2026-02-11 15:12:19
2024-01-26,0.884,0.89,0.901,0.881,14519362,1291647520.0,2.25,0.0,0.0,3.04,2026-02-11 15:12:19
2024-01-29,0.888,0.875,0.892,0.873,10942745,965849871.0,2.13,-1.69,-0.015,2.29,2026-02-11 15:12:19
2024-01-30,0.869,0.864,0.881,0.863,10271363,896220120.0,2.06,-1.26,-0.011,2.15,2026-02-11 15:12:19
2024-01-31,0.86,0.855,0.869,0.85,13381809,1149959748.0,2.2,-1.04,-0.009,2.8,2026-02-11 15:12:19
2024-02-01,0.849,0.852,0.866,0.844,11279663,963719658.0,2.57,-0.35,-0.003,2.36,2026-02-11 15:12:19
2024-02-02,0.852,0.833,0.855,0.809,16664685,1389016461.0,5.4,-2.23,-0.019,3.49,2026-02-11 15:12:19
2024-02-05,0.824,0.815,0.837,0.8,16620568,1361064224.0,4.44,-2.16,-0.018,3.48,2026-02-11 15:12:19
2024-02-06,0.808,0.863,0.868,0.806,17102864,1438263158.0,7.61,5.89,0.048,3.58,2026-02-11 15:12:19
2024-02-07,0.858,0.873,0.878,0.857,13849154,1204470493.0,2.43,1.16,0.01,2.9,2026-02-11 15:12:19
2024-02-08,0.883,0.881,0.895,0.876,11682652,1034916497.0,2.18,0.92,0.008,2.45,2026-02-11 15:12:19
2024-02-19,0.878,0.871,0.878,0.86,11166765,969061546.0,2.04,-1.14,-0.01,2.34,2026-02-11 15:12:19
2024-02-20,0.868,0.882,0.889,0.864,13695011,1202733737.0,2.87,1.26,0.011,2.87,2026-02-11 15:12:19
2024-02-21,0.875,0.891,0.911,0.871,19452003,1739203893.0,4.54,1.02,0.009,4.08,2026-02-11 15:12:19
2024-02-22,0.886,0.901,0.905,0.884,13741097,1230385113.0,2.36,1.12,0.01,2.88,2026-02-11 15:12:19
2024-02-23,0.901,0.902,0.906,0.894,13004956,1171402690.0,1.33,0.11,0.001,2.72,2026-02-11 15:12:19
2024-02-26,0.9,0.895,0.903,0.894,9809143,881102470.0,1.0,-0.78,-0.007,2.05,2026-02-11 15:12:19
2024-02-27,0.893,0.909,0.91,0.893,11128805,1003054811.0,1.9,1.56,0.014,2.33,2026-02-11 15:12:19
2024-02-28,0.916,0.895,0.931,0.894,21587534,1981063318.0,4.07,-1.54,-0.014,4.52,2026-02-11 15:12:19
2024-02-29,0.892,0.913,0.914,0.891,14867599,1343828592.0,2.57,2.01,0.018,3.11,2026-02-11 15:12:19
2024-03-01,0.911,0.92,0.924,0.907,13829455,1264946108.0,1.86,0.77,0.007,2.9,2026-02-11 15:12:19
2024-03-04,0.918,0.908,0.918,0.904,11690985,1061965622.0,1.52,-1.3,-0.012,2.45,2026-02-11 15:12:19
2024-03-05,0.902,0.901,0.908,0.898,11613704,1047341232.0,1.1,-0.77,-0.007,2.43,2026-02-11 15:12:19
2024-03-06,0.901,0.902,0.913,0.895,11218282,1013545115.0,2.0,0.11,0.001,2.35,2026-02-11 15:12:19
2024-03-07,0.899,0.89,0.907,0.887,13335129,1195504002.0,2.22,-1.33,-0.012,2.79,2026-02-11 15:12:19
2024-03-08,0.89,0.892,0.895,0.887,7886868,702706572.0,0.9,0.22,0.002,1.65,2026-02-11 15:12:19
2024-03-11,0.893,0.906,0.906,0.892,13112081,1179841187.0,1.57,1.57,0.014,2.75,2026-02-11 15:12:19
2024-03-12,0.909,0.912,0.915,0.902,16022694,1456009555.0,1.43,0.66,0.006,3.36,2026-02-11 15:12:19
2024-03-13,0.911,0.898,0.911,0.897,11588049,1045015838.0,1.54,-1.54,-0.014,2.43,2026-02-11 15:12:19
2024-03-14,0.896,0.891,0.902,0.886,10805968,965186255.0,1.78,-0.78,-0.007,2.26,2026-02-11 15:12:19
2024-03-15,0.888,0.896,0.898,0.884,11149434,992889593.0,1.57,0.56,0.005,2.34,2026-02-11 15:12:19
2024-03-18,0.901,0.917,0.923,0.899,19645285,1792480546.0,2.68,2.34,0.021,4.12,2026-02-11 15:12:19
2024-03-19,0.913,0.9,0.913,0.899,11726528,1061630196.0,1.53,-1.85,-0.017,2.46,2026-02-11 15:12:19
2024-03-20,0.898,0.902,0.906,0.896,10856344,977897156.0,1.11,0.22,0.002,2.27,2026-02-11 15:12:19
2024-03-21,0.905,0.906,0.915,0.903,12081540,1097703067.0,1.33,0.44,0.004,2.53,2026-02-11 15:12:19
2024-03-22,0.904,0.89,0.906,0.888,14506229,1297543607.0,1.99,-1.77,-0.016,3.04,2026-02-11 15:12:19
2024-03-25,0.881,0.864,0.882,0.863,16028846,1398481473.0,2.13,-2.92,-0.026,3.36,2026-02-11 15:12:19
2024-03-26,0.864,0.866,0.869,0.86,8232826,711509645.0,1.04,0.23,0.002,1.72,2026-02-11 15:12:19
2024-03-27,0.864,0.851,0.865,0.85,9125237,782895376.0,1.73,-1.73,-0.015,1.91,2026-02-11 15:12:19
2024-03-28,0.852,0.853,0.863,0.85,10210464,873335208.0,1.53,0.24,0.002,2.14,2026-02-11 15:12:19
2024-03-29,0.852,0.856,0.857,0.846,9865387,840507607.0,1.29,0.35,0.003,2.07,2026-02-11 15:12:19
2024-04-01,0.867,0.869,0.87,0.864,10082601,874934068.0,0.7,1.52,0.013,2.11,2026-02-11 15:12:19
2024-04-02,0.869,0.863,0.873,0.861,7472750,647027659.0,1.38,-0.69,-0.006,1.57,2026-02-11 15:12:19
2024-04-03,0.861,0.856,0.866,0.856,6367866,546980803.0,1.16,-0.81,-0.007,1.33,2026-02-11 15:12:19
2024-04-08,0.85,0.842,0.852,0.841,8746450,739461576.0,1.29,-1.64,-0.014,1.83,2026-02-11 15:12:19
2024-04-09,0.843,0.845,0.847,0.841,5650516,476902042.0,0.71,0.36,0.003,1.18,2026-02-11 15:12:19
2024-04-10,0.844,0.829,0.844,0.824,11705250,974878814.0,2.37,-1.89,-0.016,2.45,2026-02-11 15:12:19
2024-04-11,0.824,0.826,0.833,0.824,7977523,661073410.0,1.09,-0.36,-0.003,1.67,2026-02-11 15:12:19
2024-04-12,0.826,0.811,0.828,0.809,10202106,833222747.0,2.3,-1.82,-0.015,2.14,2026-02-11 15:12:19
2024-04-15,0.806,0.824,0.833,0.8,14982037,1224974185.0,4.07,1.6,0.013,3.14,2026-02-11 15:12:19
2024-04-16,0.818,0.809,0.826,0.808,10503469,859017238.0,2.18,-1.82,-0.015,2.2,2026-02-11 15:12:19
2024-04-17,0.81,0.825,0.827,0.806,13362436,1092886147.0,2.6,1.98,0.016,2.8,2026-02-11 15:12:19
2024-04-18,0.823,0.832,0.844,0.821,15373788,1282143403.0,2.79,0.85,0.007,3.22,2026-02-11 15:12:19
2024-04-19,0.828,0.827,0.835,0.825,8480304,703538339.0,1.2,-0.6,-0.005,1.78,2026-02-11 15:12:19
2024-04-22,0.825,0.829,0.838,0.824,8287382,687716432.0,1.69,0.24,0.002,1.74,2026-02-11 15:12:19
2024-04-23,0.831,0.827,0.833,0.824,7484472,620108488.0,1.09,-0.24,-0.002,1.57,2026-02-11 15:12:19
2024-04-24,0.828,0.828,0.83,0.822,8052855,665708775.0,0.97,0.12,0.001,1.69,2026-02-11 15:12:19
2024-04-25,0.825,0.827,0.831,0.821,8301563,685743269.0,1.21,-0.12,-0.001,1.74,2026-02-11 15:12:19
2024-04-26,0.846,0.878,0.879,0.838,29264209,2508240990.0,4.96,6.17,0.051,6.13,2026-02-11 15:12:19
2024-04-29,0.877,0.889,0.897,0.874,23954077,2123549457.0,2.62,1.25,0.011,5.02,2026-02-11 15:12:19
2024-04-30,0.884,0.873,0.886,0.871,12739291,1117969036.0,1.69,-1.8,-0.016,2.67,2026-02-11 15:12:19
2024-05-06,0.884,0.878,0.892,0.874,13983864,1234143725.0,2.06,0.57,0.005,2.93,2026-02-11 15:12:19
2024-05-07,0.876,0.875,0.88,0.87,10270536,898461099.0,1.14,-0.34,-0.003,2.15,2026-02-11 15:12:19
2024-05-08,0.872,0.862,0.873,0.861,10270538,889127167.0,1.37,-1.49,-0.013,2.15,2026-02-11 15:12:19
2024-05-09,0.863,0.87,0.875,0.863,13072040,1135703477.0,1.39,0.93,0.008,2.74,2026-02-11 15:12:19
2024-05-10,0.87,0.876,0.879,0.866,14084698,1228811515.0,1.49,0.69,0.006,2.95,2026-02-11 15:12:19
2024-05-13,0.872,0.878,0.885,0.864,12179291,1065758916.0,2.4,0.23,0.002,2.55,2026-02-11 15:12:19
2024-05-14,0.877,0.883,0.883,0.87,12290805,1076962547.0,1.48,0.57,0.005,2.57,2026-02-11 15:12:19
2024-05-15,0.888,0.859,0.889,0.859,17059666,1483355772.0,3.4,-2.72,-0.024,3.57,2026-02-11 15:12:19
2024-05-16,0.861,0.858,0.87,0.857,10514635,907244001.0,1.51,-0.12,-0.001,2.2,2026-02-11 15:12:19
2024-05-17,0.858,0.871,0.872,0.855,10871045,939067439.0,1.98,1.52,0.013,2.28,2026-02-11 15:12:19
2024-05-20,0.869,0.872,0.882,0.868,14257623,1248666298.0,1.61,0.11,0.001,2.99,2026-02-11 15:12:19
2024-05-21,0.87,0.866,0.874,0.864,8557124,742912453.0,1.15,-0.69,-0.006,1.79,2026-02-11 15:12:19
2024-05-22,0.866,0.869,0.873,0.863,9352730,811786261.0,1.15,0.35,0.003,1.96,2026-02-11 15:12:19
2024-05-23,0.866,0.851,0.867,0.85,12007280,1028345993.0,1.96,-2.07,-0.018,2.52,2026-02-11 15:12:19
2024-05-24,0.849,0.84,0.853,0.839,9627871,814167863.0,1.65,-1.29,-0.011,2.02,2026-02-11 15:12:19
2024-05-27,0.843,0.848,0.849,0.838,7947550,670246074.0,1.31,0.95,0.008,1.66,2026-02-11 15:12:19
2024-05-28,0.846,0.84,0.85,0.839,8128741,684727199.0,1.3,-0.94,-0.008,1.7,2026-02-11 15:12:19
2024-05-29,0.839,0.841,0.849,0.838,7071685,596646621.0,1.31,0.12,0.001,1.48,2026-02-11 15:12:19
2024-05-30,0.838,0.84,0.843,0.835,7080657,593815123.0,0.95,-0.12,-0.001,1.48,2026-02-11 15:12:19
2024-05-31,0.842,0.839,0.847,0.838,8031438,675716623.0,1.07,-0.12,-0.001,1.68,2026-02-11 15:12:19
2024-06-03,0.836,0.828,0.836,0.824,11476821,951771818.0,1.43,-1.31,-0.011,2.4,2026-02-11 15:12:19
2024-06-04,0.828,0.834,0.836,0.827,9485519,789554212.0,1.09,0.72,0.006,1.99,2026-02-11 15:12:19
2024-06-05,0.833,0.831,0.838,0.83,8566985,714012944.0,0.96,-0.36,-0.003,1.79,2026-02-11 15:12:19
2024-06-06,0.832,0.82,0.834,0.818,13529966,1115561202.0,1.93,-1.32,-0.011,2.83,2026-02-11 15:12:19
2024-06-07,0.822,0.815,0.825,0.804,14742428,1200864467.0,2.56,-0.61,-0.005,3.09,2026-02-11 15:12:19
2024-06-11,0.813,0.816,0.822,0.81,9193103,750425327.0,1.47,0.12,0.001,1.93,2026-02-11 15:12:19
2024-06-12,0.815,0.816,0.818,0.813,7134037,581946313.0,0.61,0.0,0.0,1.49,2026-02-11 15:12:19
2024-06-13,0.817,0.815,0.819,0.812,9212567,750699779.0,0.86,-0.12,-0.001,1.93,2026-02-11 15:12:19
2024-06-14,0.814,0.833,0.84,0.812,20804613,1717560546.0,3.44,2.21,0.018,4.36,2026-02-11 15:12:19
2024-06-17,0.824,0.832,0.834,0.821,10030346,831213763.0,1.56,-0.12,-0.001,2.1,2026-02-11 15:12:19
2024-06-18,0.832,0.838,0.844,0.831,12374135,1037467476.0,1.56,0.72,0.006,2.59,2026-02-11 15:12:19
2024-06-19,0.839,0.827,0.84,0.826,10262445,853257531.0,1.67,-1.31,-0.011,2.15,2026-02-11 15:12:19
2024-06-20,0.826,0.82,0.829,0.818,9595100,789077681.0,1.33,-0.85,-0.007,2.01,2026-02-11 15:12:19
2024-06-21,0.822,0.821,0.826,0.818,9849930,809576668.0,0.98,0.12,0.001,2.06,2026-02-11 15:12:19
2024-06-24,0.818,0.813,0.821,0.812,9504372,775760328.0,1.1,-0.97,-0.008,1.99,2026-02-11 15:12:19
2024-06-25,0.812,0.799,0.814,0.795,17537725,1409235603.0,2.34,-1.72,-0.014,3.67,2026-02-11 15:12:19
2024-06-26,0.797,0.81,0.811,0.797,13156841,1057778041.0,1.75,1.38,0.011,2.76,2026-02-11 15:12:19
2024-06-27,0.807,0.801,0.807,0.801,7795948,626576951.0,0.74,-1.11,-0.009,1.63,2026-02-11 15:12:19
2024-06-28,0.8,0.783,0.808,0.781,17388927,1381172737.0,3.37,-2.25,-0.018,3.64,2026-02-11 15:12:19
2024-07-01,0.78,0.784,0.787,0.773,11070794,863989650.0,1.79,0.13,0.001,2.32,2026-02-11 15:12:19
2024-07-02,0.783,0.782,0.79,0.779,8840475,693744813.0,1.4,-0.26,-0.002,1.85,2026-02-11 15:12:19
2024-07-03,0.781,0.782,0.786,0.776,7543477,589250262.0,1.28,0.0,0.0,1.58,2026-02-11 15:12:19
2024-07-04,0.783,0.767,0.785,0.767,10400717,805180828.0,2.3,-1.92,-0.015,2.18,2026-02-11 15:12:19
2024-07-05,0.767,0.768,0.775,0.763,9631826,739740937.0,1.56,0.13,0.001,2.02,2026-02-11 15:12:19
2024-07-08,0.766,0.748,0.766,0.746,10945990,826092128.0,2.6,-2.6,-0.02,2.29,2026-02-11 15:12:19
2024-07-09,0.749,0.763,0.766,0.743,12940043,976822269.0,3.07,2.01,0.015,2.71,2026-02-11 15:12:19
2024-07-10,0.758,0.764,0.776,0.757,10740167,823448855.0,2.49,0.13,0.001,2.25,2026-02-11 15:12:19
2024-07-11,0.772,0.776,0.781,0.769,10059143,780045465.0,1.57,1.57,0.012,2.11,2026-02-11 15:12:19
2024-07-12,0.775,0.775,0.778,0.77,6239097,482808619.0,1.03,-0.13,-0.001,1.31,2026-02-11 15:12:19
2024-07-15,0.772,0.773,0.777,0.77,5391557,416895662.0,0.9,-0.26,-0.002,1.13,2026-02-11 15:12:19
2024-07-16,0.774,0.78,0.783,0.771,8184011,637682154.0,1.55,0.91,0.007,1.71,2026-02-11 15:12:19
2024-07-17,0.78,0.786,0.788,0.779,8135690,638384550.0,1.15,0.77,0.006,1.7,2026-02-11 15:12:19
2024-07-18,0.784,0.79,0.79,0.776,9184178,719896023.0,1.78,0.51,0.004,1.92,2026-02-11 15:12:19
2024-07-19,0.787,0.799,0.801,0.787,10871167,864896784.0,1.77,1.14,0.009,2.28,2026-02-11 15:12:19
2024-07-22,0.809,0.805,0.813,0.795,11065493,889496579.0,2.25,0.75,0.006,2.32,2026-02-11 15:12:19
2024-07-23,0.801,0.786,0.806,0.786,9241677,736037408.0,2.48,-2.36,-0.019,1.94,2026-02-11 15:12:19
2024-07-24,0.784,0.777,0.787,0.776,7824097,611170087.0,1.4,-1.15,-0.009,1.64,2026-02-11 15:12:19
2024-07-25,0.776,0.787,0.792,0.776,8985801,706160424.0,2.06,1.29,0.01,1.88,2026-02-11 15:12:19
2024-07-26,0.788,0.801,0.807,0.785,9352074,747042895.0,2.8,1.78,0.014,1.96,2026-02-11 15:12:19
2024-07-29,0.797,0.793,0.803,0.793,6000669,478498583.0,1.25,-1.0,-0.008,1.26,2026-02-11 15:12:19
2024-07-30,0.792,0.797,0.799,0.789,7200336,572835643.0,1.26,0.5,0.004,1.51,2026-02-11 15:12:19
2024-07-31,0.798,0.841,0.849,0.798,25204965,2089873845.0,6.4,5.52,0.044,5.28,2026-02-11 15:12:19
2024-08-01,0.834,0.835,0.841,0.831,10567696,883241683.0,1.19,-0.71,-0.006,2.21,2026-02-11 15:12:19
2024-08-02,0.83,0.819,0.838,0.816,9949954,821213783.0,2.63,-1.92,-0.016,2.08,2026-02-11 15:12:19
2024-08-05,0.814,0.812,0.83,0.812,9898225,812208812.0,2.2,-0.85,-0.007,2.07,2026-02-11 15:12:19
2024-08-06,0.821,0.815,0.824,0.806,8524362,692698776.0,2.22,0.37,0.003,1.79,2026-02-11 15:12:19
2024-08-07,0.814,0.81,0.819,0.808,7374841,598808751.0,1.35,-0.61,-0.005,1.55,2026-02-11 15:12:19
2024-08-08,0.809,0.813,0.825,0.807,8830627,719905167.0,2.22,0.37,0.003,1.85,2026-02-11 15:12:19
2024-08-09,0.818,0.806,0.821,0.806,7751971,630194569.0,1.85,-0.86,-0.007,1.62,2026-02-11 15:12:19
2024-08-12,0.803,0.804,0.808,0.8,5831228,468579678.0,0.99,-0.25,-0.002,1.22,2026-02-11 15:12:19
2024-08-13,0.805,0.815,0.816,0.8,8039763,649606142.0,1.99,1.37,0.011,1.68,2026-02-11 15:12:19
2024-08-14,0.812,0.808,0.816,0.807,6178131,501006560.0,1.1,-0.86,-0.007,1.29,2026-02-11 15:12:19
2024-08-15,0.806,0.817,0.825,0.805,10502001,858168268.0,2.48,1.11,0.009,2.2,2026-02-11 15:12:19
2024-08-16,0.815,0.812,0.818,0.81,6116931,497703550.0,0.98,-0.61,-0.005,1.28,2026-02-11 15:12:19
2024-08-19,0.81,0.811,0.818,0.808,4892511,397692159.0,1.23,-0.12,-0.001,1.02,2026-02-11 15:12:19
2024-08-20,0.813,0.805,0.813,0.802,6836307,551049014.0,1.36,-0.74,-0.006,1.43,2026-02-11 15:12:19
2024-08-21,0.803,0.8,0.807,0.799,4572578,366943475.0,0.99,-0.62,-0.005,0.96,2026-02-11 15:12:19
2024-08-22,0.804,0.788,0.806,0.786,7572330,601290071.0,2.5,-1.5,-0.012,1.59,2026-02-11 15:12:19
2024-08-23,0.786,0.795,0.801,0.786,7007604,555711196.0,1.9,0.89,0.007,1.47,2026-02-11 15:12:19
2024-08-26,0.795,0.795,0.801,0.791,4993707,397515978.0,1.26,0.0,0.0,1.05,2026-02-11 15:12:19
2024-08-27,0.794,0.788,0.795,0.785,3842057,302842781.0,1.26,-0.88,-0.007,0.8,2026-02-11 15:12:19
2024-08-28,0.787,0.789,0.792,0.785,4086716,322335335.0,0.89,0.13,0.001,0.86,2026-02-11 15:12:19
2024-08-29,0.787,0.794,0.8,0.786,6607233,525427148.0,1.77,0.63,0.005,1.38,2026-02-11 15:12:19
2024-08-30,0.792,0.814,0.821,0.791,13317699,1081251524.0,3.78,2.52,0.02,2.79,2026-02-11 15:12:19
2024-09-02,0.809,0.793,0.811,0.792,8778586,702102692.0,2.33,-2.58,-0.021,1.84,2026-02-11 15:12:19
2024-09-03,0.792,0.799,0.803,0.791,5669597,452257947.0,1.51,0.76,0.006,1.19,2026-02-11 15:12:19
2024-09-04,0.794,0.798,0.805,0.794,5102135,408106140.0,1.38,-0.13,-0.001,1.07,2026-02-11 15:12:19
2024-09-05,0.798,0.806,0.806,0.797,6344000,508951601.0,1.13,1.0,0.008,1.33,2026-02-11 15:12:19
2024-09-06,0.822,0.809,0.826,0.808,14683547,1199549688.0,2.23,0.37,0.003,3.08,2026-02-11 15:12:19
2024-09-09,0.801,0.808,0.817,0.8,8555898,692680194.0,2.1,-0.12,-0.001,1.79,2026-02-11 15:12:19
2024-09-10,0.809,0.805,0.81,0.795,7438413,596609778.0,1.86,-0.37,-0.003,1.56,2026-02-11 15:12:19
2024-09-11,0.804,0.804,0.809,0.801,5228438,420623145.0,0.99,-0.12,-0.001,1.1,2026-02-11 15:12:19
2024-09-12,0.805,0.803,0.809,0.801,5812565,467954924.0,1.0,-0.12,-0.001,1.22,2026-02-11 15:12:19
2024-09-13,0.804,0.805,0.813,0.803,6486858,523822283.0,1.25,0.25,0.002,1.36,2026-02-11 15:12:19
2024-09-18,0.803,0.806,0.808,0.797,6393771,513007965.0,1.37,0.12,0.001,1.34,2026-02-11 15:12:19
2024-09-19,0.809,0.816,0.825,0.804,10994866,896773102.0,2.61,1.24,0.01,2.3,2026-02-11 15:12:19
2024-09-20,0.813,0.816,0.816,0.809,5959422,484399827.0,0.86,0.0,0.0,1.25,2026-02-11 15:12:19
2024-09-23,0.816,0.816,0.82,0.812,6420359,523852272.0,0.98,0.0,0.0,1.35,2026-02-11 15:12:19
2024-09-24,0.825,0.866,0.867,0.818,31283288,2642177599.0,6.0,6.13,0.05,6.55,2026-02-11 15:12:19
2024-09-25,0.884,0.882,0.905,0.878,30836145,2746062952.0,3.12,1.85,0.016,6.46,2026-02-11 15:12:19
2024-09-26,0.875,0.938,0.94,0.874,34030010,3089546335.0,7.48,6.35,0.056,7.13,2026-02-11 15:12:19
2024-09-27,0.966,1.006,1.008,0.948,25479279,2477682110.0,6.4,7.25,0.068,5.34,2026-02-11 15:12:19
2024-09-30,1.1,1.107,1.107,1.076,45575218,5015074842.0,3.08,10.04,0.101,9.55,2026-02-11 15:12:19
2024-10-08,1.218,1.218,1.218,1.218,14960786,1822223770.0,0.0,10.03,0.111,3.13,2026-02-11 15:12:19
2024-10-09,1.217,1.179,1.297,1.14,92285398,11375262032.0,12.89,-3.2,-0.039,19.33,2026-02-11 15:12:19
2024-10-10,1.2,1.113,1.2,1.098,53591036,6074938829.0,8.65,-5.6,-0.066,11.23,2026-02-11 15:12:19
2024-10-11,1.095,1.116,1.145,1.093,36244264,4036513622.0,4.67,0.27,0.003,7.59,2026-02-11 15:12:19
2024-10-14,1.127,1.124,1.135,1.063,37136247,4087779888.0,6.45,0.72,0.008,7.78,2026-02-11 15:12:19
2024-10-15,1.103,1.087,1.126,1.086,19973214,2214938402.0,3.56,-3.29,-0.037,4.18,2026-02-11 15:12:19
2024-10-16,1.067,1.094,1.122,1.065,19964286,2184560509.0,5.24,0.64,0.007,4.18,2026-02-11 15:12:19
2024-10-17,1.097,1.088,1.123,1.086,14882137,1643842345.0,3.38,-0.55,-0.006,3.12,2026-02-11 15:12:19
2024-10-18,1.083,1.169,1.197,1.076,36910424,4203983466.0,11.12,7.44,0.081,7.73,2026-02-11 15:12:19
2024-10-21,1.145,1.137,1.153,1.127,25092019,2860041779.0,2.22,-2.74,-0.032,5.26,2026-02-11 15:12:19
2024-10-22,1.134,1.146,1.156,1.131,17728487,2024813412.0,2.2,0.79,0.009,3.71,2026-02-11 15:12:19
2024-10-23,1.148,1.14,1.172,1.134,21753771,2509842451.0,3.32,-0.52,-0.006,4.56,2026-02-11 15:12:19
2024-10-24,1.132,1.138,1.145,1.125,15784805,1793811567.0,1.75,-0.18,-0.002,3.31,2026-02-11 15:12:19
2024-10-25,1.14,1.147,1.164,1.134,17700976,2032447279.0,2.64,0.79,0.009,3.71,2026-02-11 15:12:19
2024-10-28,1.146,1.149,1.155,1.14,11837061,1357180903.0,1.31,0.17,0.002,2.48,2026-02-11 15:12:19
2024-10-29,1.155,1.136,1.168,1.133,16467585,1890111021.0,3.05,-1.13,-0.013,3.45,2026-02-11 15:12:19
2024-10-30,1.131,1.133,1.146,1.12,12783101,1448231854.0,2.29,-0.26,-0.003,2.68,2026-02-11 15:12:19
2024-10-31,1.129,1.166,1.194,1.125,28069698,3279074205.0,6.09,2.91,0.033,5.88,2026-02-11 15:12:19
2024-11-01,1.16,1.153,1.188,1.15,15991554,1866009495.0,3.26,-1.11,-0.013,3.35,2026-02-11 15:12:19
2024-11-04,1.159,1.198,1.199,1.157,18778232,2213493905.0,3.64,3.9,0.045,3.93,2026-02-11 15:12:19
2024-11-05,1.2,1.265,1.277,1.182,35424512,4399340435.0,7.93,5.59,0.067,7.42,2026-02-11 15:12:19
2024-11-06,1.275,1.257,1.325,1.246,37738096,4832009649.0,6.25,-0.63,-0.008,7.91,2026-02-11 15:12:19
2024-11-07,1.236,1.364,1.374,1.231,42390270,5552459819.0,11.38,8.51,0.107,8.88,2026-02-11 15:12:19
2024-11-08,1.393,1.32,1.397,1.314,33928389,4575118388.0,6.09,-3.23,-0.044,7.11,2026-02-11 15:12:19
2024-11-11,1.3,1.321,1.331,1.288,23494420,3082586305.0,3.26,0.08,0.001,4.92,2026-02-11 15:12:19
2024-11-12,1.323,1.289,1.332,1.272,21870013,2848769138.0,4.54,-2.42,-0.032,4.58,2026-02-11 15:12:19
2024-11-13,1.277,1.286,1.3,1.262,17071185,2185299785.0,2.95,-0.23,-0.003,3.58,2026-02-11 15:12:19
2024-11-14,1.282,1.265,1.301,1.264,16157488,2076010388.0,2.88,-1.63,-0.021,3.38,2026-02-11 15:12:19
2024-11-15,1.266,1.215,1.276,1.214,18340615,2279364689.0,4.9,-3.95,-0.05,3.84,2026-02-11 15:12:19
2024-11-18,1.215,1.199,1.23,1.189,17289347,2085945570.0,3.37,-1.32,-0.016,3.62,2026-02-11 15:12:19
2024-11-19,1.205,1.225,1.227,1.189,16738327,2021163728.0,3.17,2.17,0.026,3.51,2026-02-11 15:12:19
2024-11-20,1.216,1.225,1.236,1.207,15726149,1921106504.0,2.37,0.0,0.0,3.29,2026-02-11 15:12:19
2024-11-21,1.223,1.237,1.248,1.217,18125043,2233968111.0,2.53,0.98,0.012,3.8,2026-02-11 15:12:19
2024-11-22,1.233,1.178,1.237,1.176,17214456,2081482924.0,4.93,-4.77,-0.059,3.61,2026-02-11 15:12:19
2024-11-25,1.177,1.167,1.182,1.148,14167747,1649092706.0,2.89,-0.93,-0.011,2.97,2026-02-11 15:12:19
2024-11-26,1.164,1.167,1.191,1.163,10161418,1195319644.0,2.4,0.0,0.0,2.13,2026-02-11 15:12:19
2024-11-27,1.165,1.196,1.197,1.16,15197083,1791791312.0,3.17,2.49,0.029,3.18,2026-02-11 15:12:19
2024-11-28,1.196,1.184,1.2,1.181,11280014,1343246293.0,1.59,-1.0,-0.012,2.36,2026-02-11 15:12:19
2024-11-29,1.183,1.216,1.253,1.179,25314942,3081136360.0,6.25,2.7,0.032,5.3,2026-02-11 15:12:19
2024-12-02,1.208,1.23,1.237,1.2,14933752,1830947934.0,3.04,1.15,0.014,3.13,2026-02-11 15:12:19
2024-12-03,1.228,1.229,1.24,1.213,14847658,1819071829.0,2.2,-0.08,-0.001,3.11,2026-02-11 15:12:19
2024-12-04,1.223,1.214,1.237,1.208,10545194,1289236614.0,2.36,-1.22,-0.015,2.21,2026-02-11 15:12:19
2024-12-05,1.212,1.228,1.238,1.211,12772571,1567565281.0,2.22,1.15,0.014,2.68,2026-02-11 15:12:19
2024-12-06,1.226,1.244,1.259,1.219,20879538,2597186520.0,3.26,1.3,0.016,4.37,2026-02-11 15:12:19
2024-12-09,1.24,1.232,1.248,1.219,12326706,1520748827.0,2.33,-0.96,-0.012,2.58,2026-02-11 15:12:19
2024-12-10,1.302,1.244,1.309,1.241,25909977,3299411806.0,5.52,0.97,0.012,5.43,2026-02-11 15:12:19
2024-12-11,1.24,1.241,1.252,1.232,10156301,1261254812.0,1.61,-0.24,-0.003,2.13,2026-02-11 15:12:19
2024-12-12,1.241,1.259,1.27,1.235,16783026,2102311515.0,2.82,1.45,0.018,3.52,2026-02-11 15:12:19
2024-12-13,1.247,1.219,1.247,1.218,15786474,1943649621.0,2.3,-3.18,-0.04,3.31,2026-02-11 15:12:19
2024-12-16,1.218,1.201,1.218,1.196,9019752,1086618077.0,1.8,-1.48,-0.018,1.89,2026-02-11 15:12:19
2024-12-17,1.2,1.203,1.214,1.196,9492464,1143338205.0,1.5,0.17,0.002,1.99,2026-02-11 15:12:19
2024-12-18,1.206,1.202,1.209,1.197,8129213,977573738.0,1.0,-0.08,-0.001,1.7,2026-02-11 15:12:19
2024-12-19,1.188,1.198,1.201,1.185,9826969,1172801877.0,1.33,-0.33,-0.004,2.06,2026-02-11 15:12:19
2024-12-20,1.195,1.203,1.213,1.195,10335744,1244857139.0,1.5,0.42,0.005,2.17,2026-02-11 15:12:19
2024-12-23,1.201,1.188,1.212,1.186,10775128,1290854021.0,2.16,-1.25,-0.015,2.26,2026-02-11 15:12:19
2024-12-24,1.187,1.209,1.211,1.187,13737722,1649993115.0,2.02,1.77,0.021,2.88,2026-02-11 15:12:19
2024-12-25,1.209,1.201,1.211,1.191,12702239,1524961250.0,1.65,-0.66,-0.008,2.66,2026-02-11 15:12:19
2024-12-26,1.2,1.204,1.208,1.198,9174257,1103730390.0,0.83,0.25,0.003,1.92,2026-02-11 15:12:19
2024-12-27,1.204,1.213,1.233,1.202,18831482,2291249818.0,2.57,0.75,0.009,3.95,2026-02-11 15:12:19
2024-12-30,1.209,1.225,1.226,1.207,14979548,1824302400.0,1.57,0.99,0.012,3.14,2026-02-11 15:12:19
2024-12-31,1.225,1.17,1.225,1.167,19699735,2354513225.0,4.73,-4.49,-0.055,4.13,2026-02-11 15:12:19
2025-01-02,1.163,1.106,1.166,1.095,20681583,2334990992.0,6.07,-5.47,-0.064,4.33,2026-02-11 15:12:19
2025-01-03,1.106,1.076,1.11,1.075,15541341,1692733949.0,3.16,-2.71,-0.03,3.26,2026-02-11 15:12:19
2025-01-06,1.069,1.077,1.081,1.066,10661971,1145180951.0,1.39,0.09,0.001,2.23,2026-02-11 15:12:19
2025-01-07,1.079,1.089,1.09,1.071,10193332,1101444829.0,1.76,1.11,0.012,2.14,2026-02-11 15:12:19
2025-01-08,1.085,1.077,1.089,1.054,13057119,1397272764.0,3.21,-1.1,-0.012,2.74,2026-02-11 15:12:19
2025-01-09,1.073,1.073,1.085,1.07,6958694,749380134.0,1.39,-0.37,-0.004,1.46,2026-02-11 15:12:19
2025-01-10,1.072,1.054,1.081,1.054,9151982,977482939.0,2.52,-1.77,-0.019,1.92,2026-02-11 15:12:19
2025-01-13,1.041,1.057,1.062,1.04,8249099,868944467.0,2.09,0.28,0.003,1.73,2026-02-11 15:12:19
2025-01-14,1.062,1.103,1.104,1.061,18165471,1975227957.0,4.07,4.35,0.046,3.81,2026-02-11 15:12:19
2025-01-15,1.095,1.09,1.099,1.089,8903701,973175904.0,0.91,-1.18,-0.013,1.87,2026-02-11 15:12:19
2025-01-16,1.097,1.092,1.11,1.081,11086594,1213517057.0,2.66,0.18,0.002,2.32,2026-02-11 15:12:19
2025-01-17,1.086,1.094,1.101,1.084,9398821,1028252488.0,1.56,0.18,0.002,1.97,2026-02-11 15:12:19
2025-01-20,1.107,1.099,1.114,1.096,10423543,1151141422.0,1.65,0.46,0.005,2.18,2026-02-11 15:12:19
2025-01-21,1.108,1.103,1.109,1.091,9083750,999324962.0,1.64,0.36,0.004,1.9,2026-02-11 15:12:19
2025-01-22,1.1,1.097,1.103,1.09,8582293,939787230.0,1.18,-0.54,-0.006,1.8,2026-02-11 15:12:19
2025-01-23,1.119,1.101,1.141,1.1,19624031,2200067040.0,3.74,0.36,0.004,4.11,2026-02-11 15:12:19
2025-01-24,1.098,1.114,1.121,1.095,12488644,1387580204.0,2.36,1.18,0.013,2.62,2026-02-11 15:12:19
2025-01-27,1.118,1.086,1.118,1.085,10831686,1189833454.0,2.96,-2.51,-0.028,2.27,2026-02-11 15:12:19
2025-02-05,1.095,1.086,1.097,1.082,7876645,857462673.0,1.38,0.0,0.0,1.65,2026-02-11 15:12:19
2025-02-06,1.086,1.104,1.106,1.082,13477816,1477151200.0,2.21,1.66,0.018,2.82,2026-02-11 15:12:19
2025-02-07,1.103,1.128,1.145,1.1,26646334,2994857733.0,4.08,2.17,0.024,5.58,2026-02-11 15:12:19
2025-02-10,1.128,1.13,1.135,1.121,13359060,1506889343.0,1.24,0.18,0.002,2.8,2026-02-11 15:12:19
2025-02-11,1.129,1.12,1.129,1.112,12934877,1446702806.0,1.5,-0.88,-0.01,2.71,2026-02-11 15:12:19
2025-02-12,1.117,1.139,1.14,1.116,14949640,1685189965.0,2.14,1.7,0.019,3.13,2026-02-11 15:12:19
2025-02-13,1.135,1.131,1.15,1.127,18922107,2151004201.0,2.02,-0.7,-0.008,3.96,2026-02-11 15:12:19
2025-02-14,1.127,1.133,1.139,1.124,13554387,1534011837.0,1.33,0.18,0.002,2.84,2026-02-11 15:12:19
2025-02-17,1.145,1.139,1.149,1.131,14749303,1683667027.0,1.59,0.53,0.006,3.09,2026-02-11 15:12:19
2025-02-18,1.134,1.108,1.137,1.104,17194031,1929024308.0,2.9,-2.72,-0.031,3.6,2026-02-11 15:12:19
2025-02-19,1.107,1.122,1.126,1.105,16270827,1820538365.0,1.9,1.26,0.014,3.41,2026-02-11 15:12:19
2025-02-20,1.12,1.119,1.125,1.112,12444425,1392780475.0,1.16,-0.27,-0.003,2.61,2026-02-11 15:12:19
2025-02-21,1.122,1.141,1.147,1.112,31681554,3592798652.0,3.13,1.97,0.022,6.64,2026-02-11 15:12:19
2025-02-24,1.14,1.135,1.146,1.127,17876127,2034333123.0,1.67,-0.53,-0.006,3.75,2026-02-11 15:12:19
2025-02-25,1.124,1.117,1.13,1.115,14357336,1611921448.0,1.32,-1.59,-0.018,3.01,2026-02-11 15:12:19
2025-02-26,1.119,1.149,1.15,1.116,28133816,3185619570.0,3.04,2.86,0.032,5.89,2026-02-11 15:12:19
2025-02-27,1.138,1.144,1.152,1.122,33255011,3779746755.0,2.61,-0.44,-0.005,6.97,2026-02-11 15:12:19
2025-02-28,1.136,1.109,1.153,1.106,23183322,2618025436.0,4.11,-3.06,-0.035,4.86,2026-02-11 15:12:19
2025-03-03,1.111,1.105,1.12,1.099,30777857,3419970110.0,1.89,-0.36,-0.004,6.45,2026-02-11 15:12:19
2025-03-04,1.101,1.112,1.116,1.1,12128457,1347703334.0,1.45,0.63,0.007,2.54,2026-02-11 15:12:19
2025-03-05,1.113,1.112,1.118,1.102,14604178,1621688742.0,1.44,0.0,0.0,3.06,2026-02-11 15:12:19
2025-03-06,1.119,1.14,1.143,1.118,25968700,2943362402.0,2.25,2.52,0.028,5.44,2026-02-11 15:12:19
2025-03-07,1.133,1.12,1.133,1.117,17493544,1969187782.0,1.4,-1.75,-0.02,3.66,2026-02-11 15:12:19
2025-03-10,1.119,1.111,1.12,1.106,12047913,1338085454.0,1.25,-0.8,-0.009,2.52,2026-02-11 15:12:19
2025-03-11,1.102,1.114,1.115,1.1,11351127,1257354563.0,1.35,0.27,0.003,2.38,2026-02-11 15:12:19
2025-03-12,1.117,1.121,1.139,1.113,18710182,2104484334.0,2.33,0.63,0.007,3.92,2026-02-11 15:12:19
2025-03-13,1.12,1.114,1.13,1.108,12664062,1414642505.0,1.96,-0.62,-0.007,2.65,2026-02-11 15:12:19
2025-03-14,1.116,1.152,1.165,1.115,35713877,4086409647.0,4.49,3.41,0.038,7.48,2026-02-11 15:12:19
2025-03-17,1.154,1.139,1.155,1.138,19111008,2182443499.0,1.48,-1.13,-0.013,4.0,2026-02-11 15:12:19
2025-03-18,1.144,1.14,1.146,1.136,13017092,1483838928.0,0.88,0.09,0.001,2.73,2026-02-11 15:12:19
2025-03-19,1.139,1.139,1.147,1.136,12183093,1388928720.0,0.96,-0.09,-0.001,2.55,2026-02-11 15:12:19
2025-03-20,1.138,1.13,1.139,1.128,11666125,1322263622.0,0.97,-0.79,-0.009,2.44,2026-02-11 15:12:19
2025-03-21,1.128,1.111,1.134,1.108,15550532,1740025324.0,2.3,-1.68,-0.019,3.26,2026-02-11 15:12:19
2025-03-24,1.111,1.11,1.112,1.1,12117651,1341233330.0,1.08,-0.09,-0.001,2.54,2026-02-11 15:12:19
2025-03-25,1.11,1.107,1.112,1.103,8707454,963535150.0,0.81,-0.27,-0.003,1.82,2026-02-11 15:12:19
2025-03-26,1.106,1.106,1.111,1.105,7771460,860546963.0,0.54,-0.09,-0.001,1.63,2026-02-11 15:12:19
2025-03-27,1.105,1.107,1.116,1.098,11367073,1259252187.0,1.63,0.09,0.001,2.38,2026-02-11 15:12:19
2025-03-28,1.108,1.107,1.112,1.103,10526630,1165750933.0,0.81,0.0,0.0,2.21,2026-02-11 15:12:19
2025-03-31,1.104,1.085,1.108,1.081,13958173,1524712976.0,2.44,-1.99,-0.022,2.92,2026-02-11 15:12:19
2025-04-01,1.088,1.083,1.094,1.081,11959358,1298829882.0,1.2,-0.18,-0.002,2.51,2026-02-11 15:12:19
2025-04-02,1.083,1.088,1.093,1.081,8642017,940980920.0,1.11,0.46,0.005,1.81,2026-02-11 15:12:19
2025-04-03,1.081,1.088,1.094,1.08,9029536,982486813.0,1.29,0.0,0.0,1.89,2026-02-11 15:12:19
2025-04-07,1.04,0.979,1.05,0.979,25120600,2518613268.0,6.53,-10.02,-0.109,5.26,2026-02-11 15:12:19
2025-04-08,0.985,0.993,0.999,0.981,16528030,1635594750.0,1.84,1.43,0.014,3.46,2026-02-11 15:12:19
2025-04-09,0.982,1.014,1.023,0.972,20166432,2020005149.0,5.14,2.11,0.021,4.22,2026-02-11 15:12:19
2025-04-10,1.029,1.027,1.04,1.018,15355218,1583468622.0,2.17,1.28,0.013,3.22,2026-02-11 15:12:19
2025-04-11,1.023,1.031,1.04,1.022,12847364,1322881830.0,1.75,0.39,0.004,2.69,2026-02-11 15:12:19
2025-04-14,1.035,1.031,1.037,1.028,9166871,946179432.0,0.87,0.0,0.0,1.92,2026-02-11 15:12:19
2025-04-15,1.03,1.026,1.031,1.022,7480508,766457690.0,0.87,-0.48,-0.005,1.57,2026-02-11 15:12:19
2025-04-16,1.024,1.024,1.026,1.01,9846666,1002529626.0,1.56,-0.19,-0.002,2.06,2026-02-11 15:12:19
2025-04-17,1.019,1.024,1.03,1.016,8018726,821585734.0,1.37,0.0,0.0,1.68,2026-02-11 15:12:19
2025-04-18,1.022,1.031,1.035,1.021,10044604,1032676099.0,1.37,0.68,0.007,2.1,2026-02-11 15:12:19
2025-04-21,1.027,1.037,1.039,1.025,8029085,831013172.0,1.36,0.58,0.006,1.68,2026-02-11 15:12:19
2025-04-22,1.034,1.035,1.042,1.033,8461946,877613822.0,0.87,-0.19,-0.002,1.77,2026-02-11 15:12:19
2025-04-23,1.04,1.036,1.042,1.033,8956000,929057758.0,0.87,0.1,0.001,1.88,2026-02-11 15:12:19
2025-04-24,1.036,1.032,1.04,1.029,8654720,895347413.0,1.06,-0.39,-0.004,1.81,2026-02-11 15:12:19
2025-04-25,1.034,1.041,1.045,1.034,11212719,1166166457.0,1.07,0.87,0.009,2.35,2026-02-11 15:12:19
2025-04-28,1.039,1.033,1.039,1.028,6833528,705509322.0,1.06,-0.77,-0.008,1.43,2026-02-11 15:12:19
2025-04-29,1.032,1.03,1.038,1.029,6535949,674835843.0,0.87,-0.29,-0.003,1.37,2026-02-11 15:12:19
2025-04-30,1.032,1.033,1.041,1.031,6909248,715552712.0,0.97,0.29,0.003,1.45,2026-02-11 15:12:19
2025-05-06,1.038,1.048,1.049,1.036,10443552,1091357397.0,1.26,1.45,0.015,2.19,2026-02-11 15:12:19
2025-05-07,1.078,1.055,1.086,1.05,17829285,1899411828.0,3.44,0.67,0.007,3.74,2026-02-11 15:12:19
2025-05-08,1.049,1.059,1.062,1.048,9170330,969718917.0,1.33,0.38,0.004,1.92,2026-02-11 15:12:19
2025-05-09,1.057,1.046,1.057,1.043,8643977,905808145.0,1.32,-1.23,-0.013,1.81,2026-02-11 15:12:19
2025-05-12,1.051,1.07,1.074,1.048,16972500,1799273127.0,2.49,2.29,0.024,3.56,2026-02-11 15:12:19
2025-05-13,1.076,1.062,1.079,1.06,13028188,1390041460.0,1.78,-0.75,-0.008,2.73,2026-02-11 15:12:19
2025-05-14,1.063,1.099,1.119,1.058,34945952,3807905666.0,5.74,3.48,0.037,7.32,2026-02-11 15:12:19
2025-05-15,1.089,1.079,1.096,1.078,11244746,1219426176.0,1.64,-1.82,-0.02,2.36,2026-02-11 15:12:19
2025-05-16,1.076,1.067,1.079,1.064,10483008,1119774634.0,1.39,-1.11,-0.012,2.2,2026-02-11 15:12:19
2025-05-19,1.066,1.068,1.071,1.06,5827041,620611569.0,1.03,0.09,0.001,1.22,2026-02-11 15:12:19
2025-05-20,1.068,1.068,1.073,1.064,8109267,866309000.0,0.84,0.0,0.0,1.7,2026-02-11 15:12:19
2025-05-21,1.068,1.065,1.071,1.064,7203294,768643378.0,0.66,-0.28,-0.003,1.51,2026-02-11 15:12:19
2025-05-22,1.062,1.057,1.064,1.055,7121996,754410447.0,0.85,-0.75,-0.008,1.49,2026-02-11 15:12:19
2025-05-23,1.056,1.043,1.063,1.042,10528539,1108204451.0,1.99,-1.32,-0.014,2.21,2026-02-11 15:12:19
2025-05-26,1.042,1.042,1.046,1.038,5656381,589255232.0,0.77,-0.1,-0.001,1.18,2026-02-11 15:12:19
2025-05-27,1.042,1.042,1.043,1.036,5798906,603255095.0,0.67,0.0,0.0,1.21,2026-02-11 15:12:19
2025-05-28,1.042,1.036,1.043,1.035,5530362,574182763.0,0.77,-0.58,-0.006,1.16,2026-02-11 15:12:19
2025-05-29,1.037,1.049,1.051,1.036,11394861,1192649964.0,1.45,1.25,0.013,2.39,2026-02-11 15:12:19
2025-05-30,1.045,1.043,1.046,1.037,7207229,750613068.0,0.86,-0.57,-0.006,1.51,2026-02-11 15:12:19
2025-06-03,1.038,1.052,1.058,1.037,9836653,1033148950.0,2.01,0.86,0.009,2.06,2026-02-11 15:12:19
2025-06-04,1.049,1.065,1.07,1.049,13169494,1400539407.0,2.0,1.24,0.013,2.76,2026-02-11 15:12:19
2025-06-05,1.066,1.075,1.081,1.064,14798362,1585870102.0,1.6,0.94,0.01,3.1,2026-02-11 15:12:19
2025-06-06,1.075,1.068,1.079,1.066,7122444,762194851.0,1.21,-0.65,-0.007,1.49,2026-02-11 15:12:19
2025-06-09,1.074,1.084,1.09,1.073,14456940,1567834381.0,1.59,1.5,0.016,3.03,2026-02-11 15:12:19
2025-06-10,1.084,1.07,1.084,1.062,12054964,1294795577.0,2.03,-1.29,-0.014,2.53,2026-02-11 15:12:19
2025-06-11,1.071,1.089,1.103,1.071,17642716,1924321803.0,2.99,1.78,0.019,3.7,2026-02-11 15:12:19
2025-06-12,1.083,1.087,1.1,1.081,10386357,1131806381.0,1.74,-0.18,-0.002,2.18,2026-02-11 15:12:19
2025-06-13,1.082,1.076,1.087,1.073,10226062,1103171760.0,1.29,-1.01,-0.011,2.14,2026-02-11 15:12:19
2025-06-16,1.073,1.092,1.093,1.072,12762521,1385980590.0,1.95,1.49,0.016,2.67,2026-02-11 15:12:19
2025-06-17,1.09,1.095,1.096,1.087,10302730,1125735648.0,0.82,0.27,0.003,2.16,2026-02-11 15:12:19
2025-06-18,1.094,1.082,1.094,1.076,13341573,1443136521.0,1.64,-1.19,-0.013,2.8,2026-02-11 15:12:19
2025-06-19,1.079,1.061,1.081,1.06,13709528,1462680693.0,1.94,-1.94,-0.021,2.87,2026-02-11 15:12:19
2025-06-20,1.062,1.059,1.067,1.059,5676372,602905707.0,0.75,-0.19,-0.002,1.19,2026-02-11 15:12:19
2025-06-23,1.053,1.072,1.076,1.052,10601152,1129547272.0,2.27,1.23,0.013,2.22,2026-02-11 15:12:19
2025-06-24,1.073,1.099,1.108,1.073,20906696,2291565382.0,3.26,2.52,0.027,4.38,2026-02-11 15:12:19
2025-06-25,1.102,1.158,1.166,1.102,42681900,4844540783.0,5.82,5.37,0.059,8.94,2026-02-11 15:12:19
2025-06-26,1.159,1.138,1.159,1.136,23024162,2640309914.0,1.99,-1.73,-0.02,4.82,2026-02-11 15:12:19
2025-06-27,1.14,1.138,1.176,1.137,24518428,2830523591.0,3.43,0.0,0.0,5.14,2026-02-11 15:12:19
2025-06-30,1.139,1.136,1.141,1.125,16640681,1886118012.0,1.41,-0.18,-0.002,3.49,2026-02-11 15:12:19
2025-07-01,1.137,1.13,1.137,1.121,11857238,1337006050.0,1.41,-0.53,-0.006,2.48,2026-02-11 15:12:19
2025-07-02,1.129,1.124,1.132,1.121,10388797,1169506972.0,0.97,-0.53,-0.006,2.18,2026-02-11 15:12:19
2025-07-03,1.126,1.131,1.135,1.125,10881542,1229794953.0,0.89,0.62,0.007,2.28,2026-02-11 15:12:19
2025-07-04,1.13,1.131,1.152,1.121,19266289,2187076180.0,2.74,0.0,0.0,4.04,2026-02-11 15:12:19
2025-07-07,1.127,1.132,1.137,1.125,9331740,1056884302.0,1.06,0.09,0.001,1.95,2026-02-11 15:12:19
2025-07-08,1.132,1.146,1.148,1.131,15761621,1800398657.0,1.5,1.24,0.014,3.3,2026-02-11 15:12:19
2025-07-09,1.146,1.141,1.156,1.138,17115891,1963016322.0,1.57,-0.44,-0.005,3.59,2026-02-11 15:12:19
2025-07-10,1.138,1.155,1.161,1.137,16752711,1929070231.0,2.1,1.23,0.014,3.51,2026-02-11 15:12:19
2025-07-11,1.159,1.181,1.206,1.155,36779841,4360841728.0,4.42,2.25,0.026,7.71,2026-02-11 15:12:19
2025-07-14,1.186,1.17,1.188,1.168,16838145,1978247858.0,1.69,-0.93,-0.011,3.53,2026-02-11 15:12:19
2025-07-15,1.172,1.164,1.18,1.158,17169638,2002375115.0,1.88,-0.51,-0.006,3.6,2026-02-11 15:12:19
2025-07-16,1.162,1.16,1.169,1.152,12897447,1495512262.0,1.46,-0.34,-0.004,2.7,2026-02-11 15:12:19
2025-07-17,1.16,1.166,1.168,1.156,15811061,1836861570.0,1.03,0.52,0.006,3.31,2026-02-11 15:12:19
2025-07-18,1.167,1.171,1.174,1.164,14043238,1641528552.0,0.86,0.43,0.005,2.94,2026-02-11 15:12:19
2025-07-21,1.169,1.187,1.19,1.165,20451479,2414330346.0,2.13,1.37,0.016,4.28,2026-02-11 15:12:19
2025-07-22,1.186,1.189,1.193,1.173,18917233,2237733156.0,1.68,0.17,0.002,3.96,2026-02-11 15:12:19
2025-07-23,1.192,1.199,1.222,1.192,32758746,3945593247.0,2.52,0.84,0.01,6.86,2026-02-11 15:12:19
2025-07-24,1.194,1.232,1.235,1.192,28843314,3526718586.0,3.59,2.75,0.033,6.04,2026-02-11 15:12:19
2025-07-25,1.233,1.227,1.24,1.224,19223255,2365317384.0,1.3,-0.41,-0.005,4.03,2026-02-11 15:12:19
2025-07-28,1.227,1.238,1.254,1.221,18354624,2272824772.0,2.69,0.9,0.011,3.85,2026-02-11 15:12:19
2025-07-29,1.233,1.243,1.244,1.213,21736847,2669901497.0,2.5,0.4,0.005,4.55,2026-02-11 15:12:19
2025-07-30,1.239,1.225,1.243,1.215,19269945,2374194204.0,2.25,-1.45,-0.018,4.04,2026-02-11 15:12:19
2025-07-31,1.218,1.198,1.231,1.192,22568785,2734022539.0,3.18,-2.2,-0.027,4.73,2026-02-11 15:12:19
2025-08-01,1.197,1.191,1.206,1.186,16868483,2014661749.0,1.67,-0.58,-0.007,3.53,2026-02-11 15:12:19
2025-08-04,1.186,1.193,1.194,1.184,13815735,1642411621.0,0.84,0.17,0.002,2.89,2026-02-11 15:12:19
2025-08-05,1.196,1.205,1.209,1.194,17915049,2151252651.0,1.26,1.01,0.012,3.75,2026-02-11 15:12:19
2025-08-06,1.204,1.21,1.212,1.2,16109217,1943163023.0,1.0,0.41,0.005,3.37,2026-02-11 15:12:19
2025-08-07,1.21,1.209,1.222,1.203,16880385,2045713163.0,1.57,-0.08,-0.001,3.54,2026-02-11 15:12:19
2025-08-08,1.207,1.199,1.208,1.196,13545394,1627619165.0,0.99,-0.83,-0.01,2.84,2026-02-11 15:12:19
2025-08-11,1.198,1.215,1.221,1.197,19062826,2314334071.0,2.0,1.33,0.016,3.99,2026-02-11 15:12:19
2025-08-12,1.216,1.221,1.222,1.211,16364320,1992544852.0,0.91,0.49,0.006,3.43,2026-02-11 15:12:19
2025-08-13,1.226,1.242,1.254,1.216,31809267,3934486703.0,3.11,1.72,0.021,6.66,2026-02-11 15:12:19
2025-08-14,1.243,1.241,1.268,1.238,28502828,3566859398.0,2.42,-0.08,-0.001,5.97,2026-02-11 15:12:19
2025-08-15,1.236,1.3,1.313,1.236,40839989,5239395363.0,6.2,4.75,0.059,8.56,2026-02-11 15:12:19
2025-08-18,1.309,1.317,1.34,1.286,36409793,4784817712.0,4.15,1.31,0.017,7.63,2026-02-11 15:12:19
2025-08-19,1.307,1.291,1.317,1.289,23604222,3071948997.0,2.13,-1.97,-0.026,4.95,2026-02-11 15:12:19
2025-08-20,1.284,1.303,1.304,1.271,26559561,3423331204.0,2.56,0.93,0.012,5.56,2026-02-11 15:12:19
2025-08-21,1.315,1.293,1.318,1.287,23434999,3052625458.0,2.38,-0.77,-0.01,4.91,2026-02-11 15:12:19
2025-08-22,1.288,1.338,1.34,1.287,38896501,5125079068.0,4.1,3.48,0.045,8.15,2026-02-11 15:12:19
2025-08-25,1.355,1.352,1.37,1.331,50151094,6760891476.0,2.91,1.05,0.014,10.51,2026-02-11 15:12:19
2025-08-26,1.343,1.335,1.351,1.332,24780371,3325763929.0,1.41,-1.26,-0.017,5.19,2026-02-11 15:12:19
2025-08-27,1.332,1.3,1.35,1.299,40850877,5427564925.0,3.82,-2.62,-0.035,8.56,2026-02-11 15:12:19
2025-08-28,1.3,1.326,1.327,1.288,32645938,4264959201.0,3.0,2.0,0.026,6.84,2026-02-11 15:12:19
2025-08-29,1.331,1.328,1.345,1.32,37030689,4928544780.0,1.89,0.15,0.002,7.76,2026-02-11 15:12:19
2025-09-01,1.331,1.314,1.334,1.308,25430714,3348303077.0,1.96,-1.05,-0.014,5.33,2026-02-11 15:12:19
2025-09-02,1.313,1.296,1.315,1.289,35071717,4557034100.0,1.98,-1.37,-0.018,7.35,2026-02-11 15:12:19
2025-09-03,1.303,1.25,1.305,1.242,36094726,4584986158.0,4.86,-3.55,-0.046,7.56,2026-02-11 15:12:19
2025-09-04,1.25,1.248,1.261,1.232,32349054,4038285140.0,2.32,-0.16,-0.002,6.78,2026-02-11 15:12:19
2025-09-05,1.25,1.257,1.26,1.236,29758825,3715674437.0,1.92,0.72,0.009,6.23,2026-02-11 15:12:19
2025-09-08,1.254,1.248,1.257,1.242,20712641,2586810376.0,1.19,-0.72,-0.009,4.34,2026-02-11 15:12:19
2025-09-09,1.248,1.247,1.261,1.244,26894591,3363117155.0,1.36,-0.08,-0.001,5.63,2026-02-11 15:12:19
2025-09-10,1.248,1.245,1.255,1.24,17386754,2168659157.0,1.2,-0.16,-0.002,3.64,2026-02-11 15:12:19
2025-09-11,1.241,1.284,1.285,1.238,42097901,5334840542.0,3.78,3.13,0.039,8.82,2026-02-11 15:12:19
2025-09-12,1.282,1.266,1.288,1.262,27118731,3458111919.0,2.02,-1.4,-0.018,5.68,2026-02-11 15:12:19
2025-09-15,1.266,1.262,1.275,1.257,22528199,2853327538.0,1.42,-0.32,-0.004,4.72,2026-02-11 15:12:19
2025-09-16,1.265,1.263,1.275,1.251,26694387,3369172115.0,1.9,0.08,0.001,5.59,2026-02-11 15:12:19
2025-09-17,1.263,1.269,1.28,1.26,30849870,3915676711.0,1.58,0.48,0.006,6.46,2026-02-11 15:12:19
2025-09-18,1.267,1.232,1.267,1.221,54237672,6759573790.0,3.62,-2.92,-0.037,11.36,2026-02-11 15:12:19
2025-09-19,1.226,1.221,1.232,1.218,25194490,3085110222.0,1.14,-0.89,-0.011,5.28,2026-02-11 15:12:19
2025-09-22,1.223,1.234,1.234,1.218,21264539,2607596966.0,1.31,1.06,0.013,4.45,2026-02-11 15:12:19
2025-09-23,1.226,1.212,1.227,1.2,30460009,3689773040.0,2.19,-1.78,-0.022,6.38,2026-02-11 15:12:19
2025-09-24,1.206,1.224,1.233,1.205,28094683,3424415490.0,2.31,0.99,0.012,5.89,2026-02-11 15:12:19
2025-09-25,1.222,1.224,1.233,1.22,21190864,2599998440.0,1.06,0.0,0.0,4.44,2026-02-11 15:12:19
2025-09-26,1.221,1.219,1.231,1.218,20049873,2454590928.0,1.06,-0.41,-0.005,4.2,2026-02-11 15:12:19
2025-09-29,1.216,1.28,1.309,1.215,62405166,7891888990.0,7.71,5.0,0.061,13.07,2026-02-11 15:12:19
2025-09-30,1.273,1.263,1.281,1.259,29421759,3726644802.0,1.72,-1.33,-0.017,6.16,2026-02-11 15:12:19
2025-10-09,1.258,1.267,1.276,1.244,36410876,4590388782.0,2.53,0.32,0.004,7.63,2026-02-11 15:12:19
2025-10-10,1.26,1.27,1.294,1.258,33290356,4253964648.0,2.84,0.24,0.003,6.97,2026-02-11 15:12:19
2025-10-13,1.241,1.254,1.258,1.24,31105215,3881825653.0,1.42,-1.26,-0.016,6.52,2026-02-11 15:12:19
2025-10-14,1.257,1.248,1.278,1.243,28210218,3552663190.0,2.79,-0.48,-0.006,5.91,2026-02-11 15:12:19
2025-10-15,1.252,1.265,1.265,1.238,30871277,3866818336.0,2.16,1.36,0.017,6.47,2026-02-11 15:12:19
2025-10-16,1.259,1.259,1.27,1.253,24991080,3149885547.0,1.34,-0.47,-0.006,5.24,2026-02-11 15:12:19
2025-10-17,1.259,1.233,1.269,1.231,30041883,3754794699.0,3.02,-2.07,-0.026,6.29,2026-02-11 15:12:19
2025-10-20,1.243,1.235,1.247,1.23,20318734,2515499437.0,1.38,0.16,0.002,4.26,2026-02-11 15:12:19
2025-10-21,1.237,1.246,1.263,1.236,32419043,4047641681.0,2.19,0.89,0.011,6.79,2026-02-11 15:12:19
2025-10-22,1.241,1.234,1.241,1.23,16983513,2096095601.0,0.88,-0.96,-0.012,3.56,2026-02-11 15:12:19
2025-10-23,1.234,1.245,1.246,1.221,23609790,2909074339.0,2.03,0.89,0.011,4.95,2026-02-11 15:12:19
2025-10-24,1.247,1.257,1.258,1.242,25882199,3235565121.0,1.29,0.96,0.012,5.42,2026-02-11 15:12:19
2025-10-27,1.27,1.272,1.279,1.262,38334719,4872389284.0,1.35,1.19,0.015,8.03,2026-02-11 15:12:19
2025-10-28,1.268,1.264,1.276,1.261,23491155,2975580534.0,1.18,-0.63,-0.008,4.92,2026-02-11 15:12:19
2025-10-29,1.263,1.292,1.297,1.262,40323989,5174660601.0,2.77,2.22,0.028,8.45,2026-02-11 15:12:19
2025-10-30,1.287,1.267,1.288,1.266,36915741,4717239566.0,1.7,-1.93,-0.025,7.73,2026-02-11 15:12:19
2025-10-31,1.272,1.254,1.274,1.254,27352959,3449455246.0,1.58,-1.03,-0.013,5.73,2026-02-11 15:12:19
2025-11-03,1.251,1.249,1.252,1.235,24839071,3087754121.0,1.36,-0.4,-0.005,5.2,2026-02-11 15:12:19
2025-11-04,1.245,1.243,1.25,1.237,25980766,3230601911.0,1.04,-0.48,-0.006,5.44,2026-02-11 15:12:19
2025-11-05,1.236,1.24,1.245,1.234,18070164,2242872478.0,0.88,-0.24,-0.003,3.79,2026-02-11 15:12:19
2025-11-06,1.242,1.254,1.262,1.242,23123822,2897924203.0,1.61,1.13,0.014,4.84,2026-02-11 15:12:19
2025-11-07,1.25,1.244,1.252,1.243,18242662,2273793236.0,0.72,-0.8,-0.01,3.82,2026-02-11 15:12:19
2025-11-10,1.243,1.26,1.265,1.24,28757322,3601909743.0,2.01,1.29,0.016,6.02,2026-02-11 15:12:19
2025-11-11,1.26,1.245,1.263,1.244,17551770,2193258125.0,1.51,-1.19,-0.015,3.68,2026-02-11 15:12:19
2025-11-12,1.245,1.238,1.246,1.231,17287311,2141379198.0,1.2,-0.56,-0.007,3.62,2026-02-11 15:12:19
2025-11-13,1.235,1.248,1.249,1.233,21062304,2616441070.0,1.29,0.81,0.01,4.41,2026-02-11 15:12:19
2025-11-14,1.24,1.232,1.245,1.232,15230318,1887136590.0,1.04,-1.28,-0.016,3.19,2026-02-11 15:12:19
2025-11-17,1.23,1.218,1.231,1.216,20904808,2553181562.0,1.22,-1.14,-0.014,4.38,2026-02-11 15:12:19
2025-11-18,1.218,1.22,1.229,1.217,14968246,1829062723.0,0.99,0.16,0.002,3.14,2026-02-11 15:12:19
2025-11-19,1.22,1.221,1.23,1.215,15724590,1922002540.0,1.23,0.08,0.001,3.29,2026-02-11 15:12:19
2025-11-20,1.243,1.217,1.247,1.216,43847118,5396038309.0,2.54,-0.33,-0.004,9.19,2026-02-11 15:12:19
2025-11-21,1.206,1.173,1.212,1.172,30989614,3687336346.0,3.29,-3.62,-0.044,6.49,2026-02-11 15:12:19
2025-11-24,1.178,1.175,1.182,1.169,15567490,1829998549.0,1.11,0.17,0.002,3.26,2026-02-11 15:12:19
2025-11-25,1.178,1.179,1.186,1.176,15183863,1792576054.0,0.85,0.34,0.004,3.18,2026-02-11 15:12:19
2025-11-26,1.179,1.176,1.182,1.173,14165949,1668110290.0,0.76,-0.25,-0.003,2.97,2026-02-11 15:12:19
2025-11-27,1.176,1.175,1.184,1.172,14878007,1752794870.0,1.02,-0.09,-0.001,3.12,2026-02-11 15:12:19
2025-11-28,1.173,1.18,1.181,1.168,17505857,2058513909.0,1.11,0.43,0.005,3.67,2026-02-11 15:12:19
2025-12-01,1.176,1.183,1.186,1.175,16398453,1936857216.0,0.93,0.25,0.003,3.44,2026-02-11 15:12:19
2025-12-02,1.181,1.172,1.183,1.171,11368754,1335450547.0,1.01,-0.93,-0.011,2.38,2026-02-11 15:12:19
2025-12-03,1.175,1.161,1.178,1.159,14552460,1697594174.0,1.62,-0.94,-0.011,3.05,2026-02-11 15:12:19
2025-12-04,1.161,1.164,1.171,1.157,11268462,1311804836.0,1.21,0.26,0.003,2.36,2026-02-11 15:12:19
2025-12-05,1.164,1.194,1.203,1.163,29988750,3554658694.0,3.44,2.58,0.03,6.28,2026-02-11 15:12:19
2025-12-08,1.21,1.217,1.236,1.21,41523951,5084128597.0,2.18,1.93,0.023,8.7,2026-02-11 15:12:19
2025-12-09,1.209,1.201,1.215,1.199,14188266,1710795753.0,1.31,-1.31,-0.016,2.97,2026-02-11 15:12:19
2025-12-10,1.199,1.206,1.209,1.191,16003041,1920248238.0,1.5,0.42,0.005,3.35,2026-02-11 15:12:19
2025-12-11,1.206,1.19,1.208,1.188,13540720,1620036820.0,1.66,-1.33,-0.016,2.84,2026-02-11 15:12:19
2025-12-12,1.191,1.196,1.205,1.185,15849408,1893536053.0,1.68,0.5,0.006,3.32,2026-02-11 15:12:19
2025-12-15,1.19,1.202,1.217,1.189,16925645,2039824741.0,2.34,0.5,0.006,3.55,2026-02-11 15:12:19
2025-12-16,1.2,1.193,1.206,1.192,14416904,1725808872.0,1.16,-0.75,-0.009,3.02,2026-02-11 15:12:19
2025-12-17,1.193,1.218,1.229,1.188,23218744,2803687760.0,3.44,2.1,0.025,4.86,2026-02-11 15:12:19
2025-12-18,1.217,1.206,1.217,1.204,14638282,1769475198.0,1.07,-0.99,-0.012,3.07,2026-02-11 15:12:19
2025-12-19,1.205,1.211,1.219,1.201,13847240,1677256100.0,1.49,0.41,0.005,2.9,2026-02-11 15:12:19
2025-12-22,1.209,1.211,1.215,1.206,12035128,1457919230.0,0.74,0.0,0.0,2.52,2026-02-11 15:12:19
2025-12-23,1.211,1.207,1.218,1.205,12737888,1542732392.0,1.07,-0.33,-0.004,2.67,2026-02-11 15:12:19
2025-12-24,1.205,1.218,1.219,1.204,15381709,1866236652.0,1.24,0.91,0.011,3.22,2026-02-11 15:12:19
2025-12-25,1.216,1.221,1.225,1.214,14588688,1780834566.0,0.9,0.25,0.003,3.06,2026-02-11 15:12:19
2025-12-26,1.219,1.229,1.242,1.219,20662641,2544238417.0,1.88,0.66,0.008,4.33,2026-02-11 15:12:19
2025-12-29,1.227,1.222,1.23,1.218,14071412,1722097797.0,0.98,-0.57,-0.007,2.95,2026-02-11 15:12:19
2025-12-30,1.218,1.216,1.227,1.215,14587223,1777374081.0,0.98,-0.49,-0.006,3.06,2026-02-11 15:12:19
2025-12-31,1.218,1.211,1.228,1.211,14727406,1794838136.0,1.4,-0.41,-0.005,3.09,2026-02-11 15:12:19
2026-01-05,1.215,1.235,1.235,1.214,23727225,2912131061.0,1.73,1.98,0.024,4.97,2026-02-11 15:12:19
2026-01-06,1.235,1.286,1.288,1.233,48860098,6201135595.0,4.45,4.13,0.051,10.24,2026-02-11 15:12:19
2026-01-07,1.287,1.267,1.287,1.258,27697761,3521136669.0,2.26,-1.48,-0.019,5.8,2026-02-11 15:12:19
2026-01-08,1.258,1.233,1.258,1.229,39147115,4849043909.0,2.29,-2.68,-0.034,8.2,2026-02-11 15:12:19
2026-01-09,1.233,1.237,1.243,1.228,25787852,3185247544.0,1.22,0.32,0.004,5.4,2026-02-11 15:12:19
2026-01-12,1.236,1.254,1.255,1.23,32651406,4059436730.0,2.02,1.37,0.017,6.84,2026-02-11 15:12:19
2026-01-13,1.259,1.246,1.272,1.241,24080055,3025200443.0,2.47,-0.64,-0.008,5.04,2026-02-11 15:12:19
2026-01-14,1.244,1.237,1.275,1.23,37458122,4694708202.0,3.61,-0.72,-0.009,7.85,2026-02-11 15:12:19
2026-01-15,1.231,1.218,1.239,1.214,27791543,3401085771.0,2.02,-1.54,-0.019,5.82,2026-02-11 15:12:19
2026-01-16,1.224,1.208,1.228,1.205,20938773,2541254299.0,1.89,-0.82,-0.01,4.39,2026-02-11 15:12:19
2026-01-19,1.205,1.203,1.208,1.198,19358900,2326263634.0,0.83,-0.41,-0.005,4.06,2026-02-11 15:12:19
2026-01-20,1.202,1.207,1.21,1.2,18310610,2207463316.0,0.83,0.33,0.004,3.84,2026-02-11 15:12:19
2026-01-21,1.204,1.201,1.209,1.198,17053347,2050937669.0,0.91,-0.5,-0.006,3.57,2026-02-11 15:12:19
2026-01-22,1.202,1.203,1.212,1.2,15547915,1871610743.0,1.0,0.17,0.002,3.26,2026-02-11 15:12:19
2026-01-23,1.205,1.2,1.208,1.197,18082820,2173364060.0,0.91,-0.25,-0.003,3.79,2026-02-11 15:12:19
2026-01-26,1.2,1.211,1.225,1.198,27500515,3332134828.0,2.25,0.92,0.011,5.76,2026-02-11 15:12:19
2026-01-27,1.209,1.197,1.209,1.189,18972020,2272880201.0,1.65,-1.16,-0.014,3.97,2026-02-11 15:12:19
2026-01-28,1.199,1.197,1.206,1.195,16848936,2022013726.0,0.92,0.0,0.0,3.53,2026-02-11 15:12:19
2026-01-29,1.194,1.212,1.214,1.182,26283193,3143989238.0,2.67,1.25,0.015,5.51,2026-02-11 15:12:19
2026-01-30,1.207,1.194,1.211,1.19,19104005,2289540707.0,1.73,-1.49,-0.018,4.0,2026-02-11 15:12:19
2026-02-02,1.192,1.178,1.207,1.175,21300487,2536826014.0,2.68,-1.34,-0.016,4.46,2026-02-11 15:12:19
2026-02-03,1.185,1.174,1.186,1.163,20322448,2381236498.0,1.95,-0.34,-0.004,4.26,2026-02-11 15:12:19
2026-02-04,1.171,1.191,1.193,1.17,20236356,2393347827.0,1.96,1.45,0.017,4.24,2026-02-11 15:12:19
2026-02-05,1.185,1.193,1.2,1.182,16099126,1917192584.0,1.51,0.17,0.002,3.37,2026-02-11 15:12:19
2026-02-06,1.186,1.186,1.195,1.183,11789196,1401587307.0,1.01,-0.59,-0.007,2.47,2026-02-11 15:12:19
2026-02-09,1.192,1.197,1.198,1.189,12417633,1484224562.0,0.76,0.93,0.011,2.6,2026-02-11 15:12:19
2026-02-10,1.198,1.196,1.2,1.194,8489313,1016271526.0,0.5,-0.08,-0.001,1.78,2026-02-11 15:12:19
2026-02-11,1.196,1.194,1.198,1.19,8566319,1022721283.0,0.67,-0.17,-0.002,1.79,2026-02-11 15:12:19
